part_family,operation_id,machine,time_per_unit
PF01,OP010,M01,7.551922577733841
PF01,OP010,M02,7.499418113873533
PF01,OP010,M03,7.447278685366394
PF01,OP010,M04,7.39550175431756
PF01,OP010,M05,7.34408480047679
PF01,OP010,M06,7.293025321115792
PF01,OP010,M07,7.242320830906395
PF01,OP010,M08,7.191968861799584
PF01,OP010,M09,7.141966962905366
PF01,OP010,M10,7.0923127003734665
PF01,OP010,M11,7.043003657274869
PF01,OP010,M12,6.994037433484163
PF01,OP010,M13,6.945411645562724
PF01,OP010,M14,6.897123926642699
PF01,OP010,M15,6.849171926311793
PF01,OP010,M16,6.801553310498867
PF01,OP010,M17,6.754265761360327
PF01,OP010,M18,6.707306977167299
PF01,OP010,M19,6.660674672193598
PF01,OP010,M20,6.614366576604462
PF01,OP010,M21,6.568380436346074
PF01,OP010,M22,6.522714013035843
PF01,OP010,M23,6.477365083853451
PF01,OP010,M24,6.432331441432655
PF01,OP010,M25,6.3876108937538465
PF01,OP010,M26,6.343201264037351
PF01,OP010,M27,6.299100390637475
PF01,OP010,M28,6.255306126937289
PF01,OP010,M29,6.211816341244133
PF01,OP010,M30,6.168628916685871
PF01,OP010,M31,6.125741751107835
PF01,OP010,M32,6.083152756970514
PF01,OP010,M33,6.0408598612479345
PF01,OP010,M34,5.9988610053267655
PF01,OP010,M35,5.957154144906104
PF01,OP010,M36,5.915737249897977
PF01,OP010,M37,5.874608304328524
PF01,OP010,M38,5.833765306239866
PF01,OP010,M39,5.793206267592664
PF01,OP010,M40,5.752929214169349
PF01,OP010,M41,5.712932185478028
PF01,OP010,M42,5.673213234657053
PF01,OP010,M43,5.633770428380264
PF01,OP010,M44,5.594601846762876
PF02,OP010,M01,20.332099247744953
PF02,OP010,M02,20.190741075813357
PF02,OP010,M03,20.05036569137106
PF02,OP010,M04,19.9109662616242
PF02,OP010,M05,19.772536001283665
PF02,OP010,M06,19.635068172234824
PF02,OP010,M07,19.498556083209525
PF02,OP010,M08,19.362993089460417
PF02,OP010,M09,19.228372592437523
PF02,OP010,M10,19.094688039467027
PF02,OP010,M11,18.96193292343234
PF02,OP010,M12,18.83010078245736
PF02,OP010,M13,18.699185199591952
PF02,OP010,M14,18.569179802499573
PF02,OP010,M15,18.440078263147136
PF02,OP010,M16,18.31187429749695
PF02,OP010,M17,18.18456166520088
PF02,OP010,M18,18.058134169296576
PF02,OP010,M19,17.93258565590584
PF02,OP010,M20,17.80791001393509
PF02,OP010,M21,17.68410117477789
PF02,OP010,M22,17.56115311201958
PF02,OP010,M23,17.43905984114391
PF02,OP010,M24,17.317815419241764
PF02,OP010,M25,17.197413944721895
PF02,OP010,M26,17.077849557023637
PF02,OP010,M27,16.959116436331666
PF02,OP010,M28,16.8412088032927
PF02,OP010,M29,16.724120918734204
PF02,OP010,M30,16.60784708338504
PF02,OP010,M31,16.49238163759802
PF02,OP010,M32,16.37771896107446
PF02,OP010,M33,16.263853472590593
PF02,OP010,M34,16.150779629725907
PF02,OP010,M35,16.03849192859336
PF02,OP010,M36,15.926984903571476
PF02,OP010,M37,15.816253127038335
PF02,OP010,M38,15.706291209107333
PF02,OP010,M39,15.597093797364865
PF02,OP010,M40,15.488655576609787
PF02,OP010,M41,15.38097126859469
PF02,OP010,M42,15.274035631768989
PF02,OP010,M43,15.167843461023786
PF02,OP010,M44,15.062389587438512
PF02,OP020,M01,9.294673941826264
PF02,OP020,M02,9.230053063228963
PF02,OP020,M03,9.165881458912486
PF02,OP020,M04,9.102156005313919
PF02,OP020,M05,9.03887360058682
PF02,OP020,M06,8.976031164450205
PF02,OP020,M07,8.913625638038638
PF02,OP020,M08,8.851653983753334
PF02,OP020,M09,8.790113185114297
PF02,OP020,M10,8.729000246613497
PF02,OP020,M11,8.668312193569069
PF02,OP020,M12,8.608046071980507
PF02,OP020,M13,8.548198948384892
PF02,OP020,M14,8.488767909714092
PF02,OP020,M15,8.429750063152976
PF02,OP020,M16,8.371142535998604
PF02,OP020,M17,8.312942475520401
PF02,OP020,M18,8.255147048821291
PF02,OP020,M19,8.197753442699813
PF02,OP020,M20,8.140758863513184
PF02,OP020,M21,8.084160537041322
PF02,OP020,M22,8.027955708351808
PF02,OP020,M23,7.972141641665786
PF02,OP020,M24,7.916715620224807
PF02,OP020,M25,7.861674946158581
PF02,OP020,M26,7.8070169403536624
PF02,OP020,M27,7.752738942323047
PF02,OP020,M28,7.698838310076663
PF02,OP020,M29,7.64531241999278
PF02,OP020,M30,7.592158666690303
PF02,OP020,M31,7.539374462901951
PF02,OP020,M32,7.486957239348325
PF02,OP020,M33,7.434904444612842
PF02,OP020,M34,7.383213545017557
PF02,OP020,M35,7.331882024499821
PF02,OP020,M36,7.280907384489818
PF02,OP020,M37,7.230287143788953
PF02,OP020,M38,7.180018838449066
PF02,OP020,M39,7.13010002165251
PF02,OP020,M40,7.080528263593045
PF02,OP020,M41,7.031301151357573
PF02,OP020,M42,6.982416288808681
PF02,OP020,M43,6.933871296468016
PF02,OP020,M44,6.8856638114004625
PF03,OP010,M45,10.456508184554549
PF03,OP010,M46,10.29270203336331
PF03,OP010,M47,10.131461983082099
PF03,OP010,M48,9.972747834525277
PF03,OP010,M49,9.81652001824648
PF03,OP010,M50,9.662739584673455
PF03,OP010,M51,9.511368194397438
PF03,OP010,M52,9.362368108614655
PF03,OP010,M53,9.21570217971756
PF03,OP010,M54,9.07133384203347
PF03,OP010,M55,8.92922710270827
PF03,OP010,M56,8.789346532732946
PF03,OP010,M57,8.651657258110687
PF03,OP010,M58,8.51612495116235
PF03,OP010,M59,8.382715821968139
PF03,OP010,M60,8.251396609943347
PF03,OP010,M61,8.122134575546074
PF03,OP010,M62,7.994897492114847
PF03,OP010,M63,7.869653637834098
PF03,OP010,M64,7.74637178782552
PF03,OP020,M45,21.415394578960136
PF03,OP020,M46,21.07991228407676
PF03,OP020,M47,20.749685478171898
PF03,OP020,M48,20.424631831522568
PF03,OP020,M49,20.10467030413987
PF03,OP020,M50,19.789721125564707
PF03,OP020,M51,19.479705774979987
PF03,OP020,M52,19.17454696163439
PF03,OP020,M53,18.874168605572805
PF03,OP020,M54,18.57849581866865
PF03,OP020,M55,18.287454885953284
PF03,OP020,M56,18.00097324723796
PF03,OP020,M57,17.718979479023634
PF03,OP020,M58,17.441403276694192
PF03,OP020,M59,17.168175436988616
PF03,OP020,M60,16.899227840747734
PF03,OP020,M61,16.634493435931255
PF03,OP020,M62,16.373906220900842
PF03,OP020,M63,16.11740122796507
PF03,OP020,M64,15.864914507182155
PF03,OP030,M45,5.809171213641416
PF03,OP030,M46,5.71816779631295
PF03,OP030,M47,5.628589990601166
PF03,OP030,M48,5.540415463625155
PF03,OP030,M49,5.453622232359155
PF03,OP030,M50,5.368188658151919
PF03,OP030,M51,5.284093441331909
PF03,OP030,M52,5.20131561589703
PF03,OP030,M53,5.119834544287534
PF03,OP030,M54,5.039629912240817
PF03,OP030,M55,4.960681723726816
PF03,OP030,M56,4.882970295962748
PF03,OP030,M57,4.806476254505936
PF03,OP030,M58,4.731180528423527
PF03,OP030,M59,4.657064345537854
PF03,OP030,M60,4.584109227746303
PF03,OP030,M61,4.512296986414485
PF03,OP030,M62,4.441609717841581
PF03,OP030,M63,4.372029798796721
PF03,OP030,M64,4.303539882125289
PF03,OP040,M45,11.618342427282832
PF03,OP040,M46,11.4363355926259
PF03,OP040,M47,11.257179981202333
PF03,OP040,M48,11.08083092725031
PF03,OP040,M49,10.90724446471831
PF03,OP040,M50,10.736377316303837
PF03,OP040,M51,10.568186882663818
PF03,OP040,M52,10.40263123179406
PF03,OP040,M53,10.239669088575068
PF03,OP040,M54,10.079259824481634
PF03,OP040,M55,9.921363447453633
PF03,OP040,M56,9.765940591925496
PF03,OP040,M57,9.612952509011873
PF03,OP040,M58,9.462361056847055
PF03,OP040,M59,9.314128691075709
PF03,OP040,M60,9.168218455492607
PF03,OP040,M61,9.02459397282897
PF03,OP040,M62,8.883219435683163
PF03,OP040,M63,8.744059597593441
PF03,OP040,M64,8.607079764250578
PF04,OP010,M45,2.323668485456566
PF04,OP010,M46,2.28726711852518
PF04,OP010,M47,2.2514359962404664
PF04,OP010,M48,2.216166185450062
PF04,OP010,M49,2.181448892943662
PF04,OP010,M50,2.1472754632607676
PF04,OP010,M51,2.113637376532764
PF04,OP010,M52,2.0805262463588123
PF04,OP010,M53,2.0479338177150135
PF04,OP010,M54,2.015851964896327
PF04,OP010,M55,1.9842726894907263
PF04,OP010,M56,1.9531881183850992
PF04,OP010,M57,1.9225905018023746
PF04,OP010,M58,1.892472211369411
PF04,OP010,M59,1.8628257382151419
PF04,OP010,M60,1.8336436910985214
PF04,OP010,M61,1.8049187945657943
PF04,OP010,M62,1.7766438871366326
PF04,OP010,M63,1.7488119195186884
PF04,OP010,M64,1.7214159528501156
PF05,OP010,M01,3.48550272818485
PF05,OP010,M02,3.461269898710862
PF05,OP010,M03,3.4372055470921823
PF05,OP010,M04,3.4133085019927205
PF05,OP010,M05,3.3895776002200577
PF05,OP010,M06,3.3660116866688274
PF05,OP010,M07,3.3426096142644903
PF05,OP010,M08,3.3193702439075006
PF05,OP010,M09,3.2962924444178614
PF05,OP010,M10,3.273375092480062
PF05,OP010,M11,3.250617072588401
PF05,OP010,M12,3.228017276992691
PF05,OP010,M13,3.205574605644335
PF05,OP010,M14,3.1832879661427844
PF05,OP010,M15,3.1611562736823666
PF05,OP010,M16,3.1391784509994776
PF05,OP010,M17,3.1173534283201514
PF05,OP010,M18,3.095680143307985
PF05,OP010,M19,3.07415754101243
PF05,OP010,M20,3.0527845738174446
PF05,OP010,M21,3.031560201390496
PF05,OP010,M22,3.010483390631928
PF05,OP010,M23,2.98955311562467
PF05,OP010,M24,2.968768357584303
PF05,OP010,M25,2.948128104809468
PF05,OP010,M26,2.927631352632624
PF05,OP010,M27,2.9072771033711433
PF05,OP010,M28,2.887064366278749
PF05,OP010,M29,2.8669921574972927
PF05,OP010,M30,2.847059500008864
PF05,OP010,M31,2.827265423588232
PF05,OP010,M32,2.807608964755622
PF05,OP010,M33,2.788089166729816
PF05,OP010,M34,2.768705079381584
PF05,OP010,M35,2.749455759187433
PF05,OP010,M36,2.730340269183682
PF05,OP010,M37,2.7113576789208578
PF05,OP010,M38,2.6925070644184
PF05,OP010,M39,2.6737875081196916
PF05,OP010,M40,2.6551980988473924
PF05,OP010,M41,2.63673793175909
PF05,OP010,M42,2.6184061083032555
PF05,OP010,M43,2.6002017361755065
PF05,OP010,M44,2.582123929275174
PF05,OP020,M01,25.56035334002223
PF05,OP020,M02,25.38264592387965
PF05,OP020,M03,25.206174012009335
PF05,OP020,M04,25.030929014613278
PF05,OP020,M05,24.856902401613752
PF05,OP020,M06,24.684085702238065
PF05,OP020,M07,24.51247050460626
PF05,OP020,M08,24.34204845532167
PF05,OP020,M09,24.172811259064314
PF05,OP020,M10,24.00475067818712
PF05,OP020,M11,23.83785853231494
PF05,OP020,M12,23.672126697946396
PF05,OP020,M13,23.507547108058453
PF05,OP020,M14,23.34411175171375
PF05,OP020,M15,23.181812673670684
PF05,OP020,M16,23.020641973996163
PF05,OP020,M17,22.860591807681107
PF05,OP020,M18,22.70165438425855
PF05,OP020,M19,22.543821967424485
PF05,OP020,M20,22.387086874661257
PF05,OP020,M21,22.231441476863633
PF05,OP020,M22,22.07687819796747
PF05,OP020,M23,21.92338951458091
PF05,OP020,M24,21.770967955618218
PF05,OP020,M25,21.619606101936096
PF05,OP020,M26,21.46929658597257
PF05,OP020,M27,21.32003209138838
PF05,OP020,M28,21.171805352710823
PF05,OP020,M29,21.024609154980144
PF05,OP020,M30,20.878436333398334
PF05,OP020,M31,20.733279772980367
PF05,OP020,M32,20.58913240820789
PF05,OP020,M33,20.445987222685314
PF05,OP020,M34,20.30383724879828
PF05,OP020,M35,20.162675567374507
PF05,OP020,M36,20.022495307347
PF05,OP020,M37,19.88328964541962
PF05,OP020,M38,19.74505180573493
PF05,OP020,M39,19.6077750595444
PF05,OP020,M40,19.471452724880873
PF05,OP020,M41,19.336078166233325
PF05,OP020,M42,19.20164479422387
PF05,OP020,M43,19.068146065287046
PF05,OP020,M44,18.93557548135127
PF05,OP030,M01,10.456508184554549
PF05,OP030,M02,10.383809696132584
PF05,OP030,M03,10.311616641276546
PF05,OP030,M04,10.23992550597816
PF05,OP030,M05,10.168732800660171
PF05,OP030,M06,10.098035060006481
PF05,OP030,M07,10.02782884279347
PF05,OP030,M08,9.9581107317225
PF05,OP030,M09,9.888877333253584
PF05,OP030,M10,9.820125277440185
PF05,OP030,M11,9.751851217765202
PF05,OP030,M12,9.68405183097807
PF05,OP030,M13,9.616723816933003
PF05,OP030,M14,9.549863898428352
PF05,OP030,M15,9.483468821047099
PF05,OP030,M16,9.417535352998431
PF05,OP030,M17,9.352060284960453
PF05,OP030,M18,9.287040429923952
PF05,OP030,M19,9.222472623037289
PF05,OP030,M20,9.158353721452333
PF05,OP030,M21,9.094680604171486
PF05,OP030,M22,9.031450171895782
PF05,OP030,M23,8.96865934687401
PF05,OP030,M24,8.906305072752907
PF05,OP030,M25,8.844384314428403
PF05,OP030,M26,8.78289405789787
PF05,OP030,M27,8.721831310113428
PF05,OP030,M28,8.661193098836247
PF05,OP030,M29,8.600976472491878
PF05,OP030,M30,8.541178500026591
PF05,OP030,M31,8.481796270764695
PF05,OP030,M32,8.422826894266866
PF05,OP030,M33,8.364267500189447
PF05,OP030,M34,8.306115238144752
PF05,OP030,M35,8.248367277562298
PF05,OP030,M36,8.191020807551045
PF05,OP030,M37,8.134073036762572
PF05,OP030,M38,8.0775211932552
PF05,OP030,M39,8.021362524359073
PF05,OP030,M40,7.965594296542176
PF05,OP030,M41,7.910213795277269
PF05,OP030,M42,7.855218324909766
PF05,OP030,M43,7.800605208526519
PF05,OP030,M44,7.74637178782552
PF06,OP010,M45,2.323668485456566
PF06,OP010,M46,2.28726711852518
PF06,OP010,M47,2.2514359962404664
PF06,OP010,M48,2.216166185450062
PF06,OP010,M49,2.181448892943662
PF06,OP010,M50,2.1472754632607676
PF06,OP010,M51,2.113637376532764
PF06,OP010,M52,2.0805262463588123
PF06,OP010,M53,2.0479338177150135
PF06,OP010,M54,2.015851964896327
PF06,OP010,M55,1.9842726894907263
PF06,OP010,M56,1.9531881183850992
PF06,OP010,M57,1.9225905018023746
PF06,OP010,M58,1.892472211369411
PF06,OP010,M59,1.8628257382151419
PF06,OP010,M60,1.8336436910985214
PF06,OP010,M61,1.8049187945657943
PF06,OP010,M62,1.7766438871366326
PF06,OP010,M63,1.7488119195186884
PF06,OP010,M64,1.7214159528501156
PF06,OP020,M45,2.323668485456566
PF06,OP020,M46,2.28726711852518
PF06,OP020,M47,2.2514359962404664
PF06,OP020,M48,2.216166185450062
PF06,OP020,M49,2.181448892943662
PF06,OP020,M50,2.1472754632607676
PF06,OP020,M51,2.113637376532764
PF06,OP020,M52,2.0805262463588123
PF06,OP020,M53,2.0479338177150135
PF06,OP020,M54,2.015851964896327
PF06,OP020,M55,1.9842726894907263
PF06,OP020,M56,1.9531881183850992
PF06,OP020,M57,1.9225905018023746
PF06,OP020,M58,1.892472211369411
PF06,OP020,M59,1.8628257382151419
PF06,OP020,M60,1.8336436910985214
PF06,OP020,M61,1.8049187945657943
PF06,OP020,M62,1.7766438871366326
PF06,OP020,M63,1.7488119195186884
PF06,OP020,M64,1.7214159528501156
PF06,OP030,M45,4.066419849548991
PF06,OP030,M46,4.002717457419065
PF06,OP030,M47,3.9400129934208166
PF06,OP030,M48,3.878290824537608
PF06,OP030,M49,3.817535562651409
PF06,OP030,M50,3.7577320607063434
PF06,OP030,M51,3.6988654089323365
PF06,OP030,M52,3.6409209311279214
PF06,OP030,M53,3.583884181001274
PF06,OP030,M54,3.527740938568572
PF06,OP030,M55,3.472477206608771
PF06,OP030,M56,3.418079207173924
PF06,OP030,M57,3.3645333781541558
PF06,OP030,M58,3.3118263698964694
PF06,OP030,M59,3.2599450418764984
PF06,OP030,M60,3.2088764594224126
PF06,OP030,M61,3.15860789049014
PF06,OP030,M62,3.109126802489107
PF06,OP030,M63,3.0604208591577047
PF06,OP030,M64,3.0124779174877023
PF06,OP040,M45,5.2282540922772744
PF06,OP040,M46,5.146351016681655
PF06,OP040,M47,5.0657309915410496
PF06,OP040,M48,4.986373917262639
PF06,OP040,M49,4.90826000912324
PF06,OP040,M50,4.831369792336727
PF06,OP040,M51,4.755684097198719
PF06,OP040,M52,4.6811840543073275
PF06,OP040,M53,4.60785108985878
PF06,OP040,M54,4.535666921016735
PF06,OP040,M55,4.464613551354135
PF06,OP040,M56,4.394673266366473
PF06,OP040,M57,4.325828629055343
PF06,OP040,M58,4.258062475581175
PF06,OP040,M59,4.1913579109840695
PF06,OP040,M60,4.125698304971674
PF06,OP040,M61,4.061067287773037
PF06,OP040,M62,3.9974487460574233
PF06,OP040,M63,3.934826818917049
PF06,OP040,M64,3.87318589391276
PF06,OP050,M45,2.323668485456566
PF06,OP050,M46,2.28726711852518
PF06,OP050,M47,2.2514359962404664
PF06,OP050,M48,2.216166185450062
PF06,OP050,M49,2.181448892943662
PF06,OP050,M50,2.1472754632607676
PF06,OP050,M51,2.113637376532764
PF06,OP050,M52,2.0805262463588123
PF06,OP050,M53,2.0479338177150135
PF06,OP050,M54,2.015851964896327
PF06,OP050,M55,1.9842726894907263
PF06,OP050,M56,1.9531881183850992
PF06,OP050,M57,1.9225905018023746
PF06,OP050,M58,1.892472211369411
PF06,OP050,M59,1.8628257382151419
PF06,OP050,M60,1.8336436910985214
PF06,OP050,M61,1.8049187945657943
PF06,OP050,M62,1.7766438871366326
PF06,OP050,M63,1.7488119195186884
PF06,OP050,M64,1.7214159528501156
PF06,OP060,M65,4.647336970913132
PF06,OP060,M66,3.4428319057002312
PF06,OP070,M65,5.2282540922772744
PF06,OP070,M66,3.87318589391276
PF06,OP080,M45,4.647336970913132
PF06,OP080,M46,4.57453423705036
PF06,OP080,M47,4.502871992480933
PF06,OP080,M48,4.432332370900124
PF06,OP080,M49,4.362897785887324
PF06,OP080,M50,4.294550926521535
PF06,OP080,M51,4.227274753065528
PF06,OP080,M52,4.161052492717625
PF06,OP080,M53,4.095867635430027
PF06,OP080,M54,4.031703929792654
PF06,OP080,M55,3.9685453789814527
PF06,OP080,M56,3.9063762367701984
PF06,OP080,M57,3.845181003604749
PF06,OP080,M58,3.784944422738822
PF06,OP080,M59,3.7256514764302837
PF06,OP080,M60,3.667287382197043
PF06,OP080,M61,3.6098375891315886
PF06,OP080,M62,3.553287774273265
PF06,OP080,M63,3.497623839037377
PF06,OP080,M64,3.4428319057002312
PF06,OP090,M45,9.875591063190406
PF06,OP090,M46,9.720885253732016
PF06,OP090,M47,9.568602984021982
PF06,OP090,M48,9.418706288162763
PF06,OP090,M49,9.271157795010565
PF06,OP090,M50,9.125920718858263
PF06,OP090,M51,8.982958850264247
PF06,OP090,M52,8.842236547024951
PF06,OP090,M53,8.703718725288807
PF06,OP090,M54,8.56737085080939
PF06,OP090,M55,8.433158930335587
PF06,OP090,M56,8.301049503136671
PF06,OP090,M57,8.171009632660093
PF06,OP090,M58,8.043006898319996
PF06,OP090,M59,7.917009387414352
PF06,OP090,M60,7.792985687168716
PF06,OP090,M61,7.6709048769046255
PF06,OP090,M62,7.550736520330688
PF06,OP090,M63,7.432450657954426
PF06,OP090,M64,7.316017799612991
PF06,OP100,M45,8.132839699097982
PF06,OP100,M46,8.00543491483813
PF06,OP100,M47,7.880025986841633
PF06,OP100,M48,7.756581649075216
PF06,OP100,M49,7.635071125302818
PF06,OP100,M50,7.515464121412687
PF06,OP100,M51,7.397730817864673
PF06,OP100,M52,7.281841862255843
PF06,OP100,M53,7.167768362002548
PF06,OP100,M54,7.055481877137144
PF06,OP100,M55,6.944954413217542
PF06,OP100,M56,6.836158414347848
PF06,OP100,M57,6.7290667563083115
PF06,OP100,M58,6.623652739792939
PF06,OP100,M59,6.519890083752997
PF06,OP100,M60,6.417752918844825
PF06,OP100,M61,6.31721578098028
PF06,OP100,M62,6.218253604978214
PF06,OP100,M63,6.120841718315409
PF06,OP100,M64,6.024955834975405
PF07,OP010,M45,5.809171213641416
PF07,OP010,M46,5.71816779631295
PF07,OP010,M47,5.628589990601166
PF07,OP010,M48,5.540415463625155
PF07,OP010,M49,5.453622232359155
PF07,OP010,M50,5.368188658151919
PF07,OP010,M51,5.284093441331909
PF07,OP010,M52,5.20131561589703
PF07,OP010,M53,5.119834544287534
PF07,OP010,M54,5.039629912240817
PF07,OP010,M55,4.960681723726816
PF07,OP010,M56,4.882970295962748
PF07,OP010,M57,4.806476254505936
PF07,OP010,M58,4.731180528423527
PF07,OP010,M59,4.657064345537854
PF07,OP010,M60,4.584109227746303
PF07,OP010,M61,4.512296986414485
PF07,OP010,M62,4.441609717841581
PF07,OP010,M63,4.372029798796721
PF07,OP010,M64,4.303539882125289
PF07,OP020,M45,9.39111077620292
PF07,OP020,M46,9.243994579810263
PF07,OP020,M47,9.099183028284099
PF07,OP020,M48,8.956640018271495
PF07,OP020,M49,8.81633001199563
PF07,OP020,M50,8.67821802839579
PF07,OP020,M51,8.54226963440613
PF07,OP020,M52,8.40845093637109
PF07,OP020,M53,8.276728571595262
PF07,OP020,M54,8.147069700025668
PF07,OP020,M55,8.0194419960643
PF07,OP020,M56,7.893813640508949
PF07,OP020,M57,7.770153312620269
PF07,OP020,M58,7.648430182313134
PF07,OP020,M59,7.528613902470287
PF07,OP020,M60,7.410674601376435
PF07,OP020,M61,7.294582875270848
PF07,OP020,M62,7.180309781016628
PF07,OP020,M63,7.067826828884818
PF07,OP020,M64,6.9571059754515545
PF08,OP010,M45,13.361093791375255
PF08,OP010,M46,13.151785931519784
PF08,OP010,M47,12.945756978382683
PF08,OP010,M48,12.742955566337855
PF08,OP010,M49,12.543331134426058
PF08,OP010,M50,12.346833913749414
PF08,OP010,M51,12.153414915063392
PF08,OP010,M52,11.96302591656317
PF08,OP010,M53,11.775619451861328
PF08,OP010,M54,11.59114879815388
PF08,OP010,M55,11.409567964571677
PF08,OP010,M56,11.23083168071432
PF08,OP010,M57,11.054895385363654
PF08,OP010,M58,10.881715215374113
PF08,OP010,M59,10.711247994737066
PF08,OP010,M60,10.543451223816499
PF08,OP010,M61,10.378283068753317
PF08,OP010,M62,10.215702351035638
PF08,OP010,M63,10.055668537232458
PF08,OP010,M64,9.898141728888165
PF08,OP020,M01,5.809171213641416
PF08,OP020,M02,5.768783164518102
PF08,OP020,M03,5.728675911820303
PF08,OP020,M04,5.6888475033212
PF08,OP020,M05,5.649296000366762
PF08,OP020,M06,5.610019477781378
PF08,OP020,M07,5.57101602377415
PF08,OP020,M08,5.532283739845834
PF08,OP020,M09,5.493820740696435
PF08,OP020,M10,5.455625154133436
PF08,OP020,M11,5.417695120980668
PF08,OP020,M12,5.380028794987817
PF08,OP020,M13,5.3426243427405575
PF08,OP020,M14,5.3054799435713065
PF08,OP020,M15,5.26859378947061
PF08,OP020,M16,5.231964084999128
PF08,OP020,M17,5.195589047200252
PF08,OP020,M18,5.159466905513307
PF08,OP020,M19,5.123595901687382
PF08,OP020,M20,5.08797428969574
PF08,OP020,M21,5.052600335650826
PF08,OP020,M22,5.0174723177198794
PF08,OP020,M23,4.982588526041116
PF08,OP020,M24,4.947947262640504
PF08,OP020,M25,4.913546841349112
PF08,OP020,M26,4.879385587721039
PF08,OP020,M27,4.845461838951905
PF08,OP020,M28,4.811773943797914
PF08,OP020,M29,4.7783202624954875
PF08,OP020,M30,4.745099166681439
PF08,OP020,M31,4.712109039313719
PF08,OP020,M32,4.679348274592702
PF08,OP020,M33,4.646815277883026
PF08,OP020,M34,4.614508465635973
PF08,OP020,M35,4.582426265312388
PF08,OP020,M36,4.550567115306136
PF08,OP020,M37,4.518929464868096
PF08,OP020,M38,4.487511774030666
PF08,OP020,M39,4.4563125135328185
PF08,OP020,M40,4.425330164745653
PF08,OP020,M41,4.394563219598482
PF08,OP020,M42,4.364010180505425
PF08,OP020,M43,4.333669560292511
PF08,OP020,M44,4.303539882125289
PF09,OP010,M01,55.76804365095759
PF09,OP010,M02,55.38031837937378
PF09,OP010,M03,54.99528875347491
PF09,OP010,M04,54.61293603188352
PF09,OP010,M05,54.233241603520916
PF09,OP010,M06,53.85618698670123
PF09,OP010,M07,53.48175382823184
PF09,OP010,M08,53.10992390252
PF09,OP010,M09,52.740679110685775
PF09,OP010,M10,52.374001479680985
PF09,OP010,M11,52.00987316141441
PF09,OP010,M12,51.64827643188305
PF09,OP010,M13,51.28919369030935
PF09,OP010,M14,50.932607458284544
PF09,OP010,M15,50.57850037891786
PF09,OP010,M16,50.226855215991634
PF09,OP010,M17,49.877654853122415
PF09,OP010,M18,49.53088229292775
PF09,OP010,M19,49.18652065619887
PF09,OP010,M20,48.84455318107911
PF09,OP010,M21,48.50496322224793
PF09,OP010,M22,48.16773425011084
PF09,OP010,M23,47.832849849994716
PF09,OP010,M24,47.50029372134884
PF09,OP010,M25,47.17004967695148
PF09,OP010,M26,46.842101642121975
PF09,OP010,M27,46.516433653938286
PF09,OP010,M28,46.19302986045998
PF09,OP010,M29,45.87187451995668
PF09,OP010,M30,45.552952000141815
PF09,OP010,M31,45.23624677741171
PF09,OP010,M32,44.92174343608995
PF09,OP010,M33,44.609426667677056
PF09,OP010,M34,44.29928127010534
PF09,OP010,M35,43.99129214699892
PF09,OP010,M36,43.685444306938905
PF09,OP010,M37,43.38172286273372
PF09,OP010,M38,43.0801130306944
PF09,OP010,M39,42.78060012991506
PF09,OP010,M40,42.48316958155827
PF09,OP010,M41,42.18780690814543
PF09,OP010,M42,41.89449773285208
PF09,OP010,M43,41.6032277788081
PF09,OP010,M44,41.313982868402775
PF09,OP020,M01,17.89224733801556
PF09,OP020,M02,17.767852146715757
PF09,OP020,M03,17.644321808406534
PF09,OP020,M04,17.521650310229294
PF09,OP020,M05,17.399831681129626
PF09,OP020,M06,17.278859991566645
PF09,OP020,M07,17.15872935322438
PF09,OP020,M08,17.03943391872517
PF09,OP020,M09,16.92096788134502
PF09,OP020,M10,16.803325474730983
PF09,OP020,M11,16.686500972620458
PF09,OP020,M12,16.570488688562477
PF09,OP020,M13,16.455282975640916
PF09,OP020,M14,16.340878226199624
PF09,OP020,M15,16.22726887156948
PF09,OP020,M16,16.114449381797314
PF09,OP020,M17,16.002414265376775
PF09,OP020,M18,15.891158068980985
PF09,OP020,M19,15.78067537719714
PF09,OP020,M20,15.67096081226288
PF09,OP020,M21,15.562009033804545
PF09,OP020,M22,15.453814738577229
PF09,OP020,M23,15.346372660206638
PF09,OP020,M24,15.239677568932754
PF09,OP020,M25,15.133724271355268
PF09,OP020,M26,15.028507610180801
PF09,OP020,M27,14.924022463971866
PF09,OP020,M28,14.820263746897577
PF09,OP020,M29,14.717226408486102
PF09,OP020,M30,14.614905433378834
PF09,OP020,M31,14.513295841086256
PF09,OP020,M32,14.412392685745525
PF09,OP020,M33,14.31219105587972
PF09,OP020,M34,14.212686074158798
PF09,OP020,M35,14.113872897162155
PF09,OP020,M36,14.0157467151429
PF09,OP020,M37,13.918302751793735
PF09,OP020,M38,13.821536264014453
PF09,OP020,M39,13.725442541681081
PF09,OP020,M40,13.630016907416612
PF09,OP020,M41,13.535254716363328
PF09,OP020,M42,13.44115135595671
PF09,OP020,M43,13.347702245700932
PF09,OP020,M44,13.254902836945892
PF09,OP030,M67,12.780176670011114
PF09,OP030,M68,9.467787740675636
PF10,OP010,M45,9.294673941826264
PF10,OP010,M46,9.14906847410072
PF10,OP010,M47,9.005743984961866
PF10,OP010,M48,8.864664741800247
PF10,OP010,M49,8.725795571774649
PF10,OP010,M50,8.58910185304307
PF10,OP010,M51,8.454549506131055
PF10,OP010,M52,8.32210498543525
PF10,OP010,M53,8.191735270860054
PF10,OP010,M54,8.063407859585308
PF10,OP010,M55,7.937090757962905
PF10,OP010,M56,7.812752473540397
PF10,OP010,M57,7.690362007209498
PF10,OP010,M58,7.569888845477644
PF10,OP010,M59,7.451302952860567
PF10,OP010,M60,7.334574764394086
PF10,OP010,M61,7.219675178263177
PF10,OP010,M62,7.10657554854653
PF10,OP010,M63,6.995247678074754
PF10,OP010,M64,6.8856638114004625
PF10,OP020,M45,4.647336970913132
PF10,OP020,M46,4.57453423705036
PF10,OP020,M47,4.502871992480933
PF10,OP020,M48,4.432332370900124
PF10,OP020,M49,4.362897785887324
PF10,OP020,M50,4.294550926521535
PF10,OP020,M51,4.227274753065528
PF10,OP020,M52,4.161052492717625
PF10,OP020,M53,4.095867635430027
PF10,OP020,M54,4.031703929792654
PF10,OP020,M55,3.9685453789814527
PF10,OP020,M56,3.9063762367701984
PF10,OP020,M57,3.845181003604749
PF10,OP020,M58,3.784944422738822
PF10,OP020,M59,3.7256514764302837
PF10,OP020,M60,3.667287382197043
PF10,OP020,M61,3.6098375891315886
PF10,OP020,M62,3.553287774273265
PF10,OP020,M63,3.497623839037377
PF10,OP020,M64,3.4428319057002312
PF10,OP030,M01,13.361093791375255
PF10,OP030,M02,13.268201278391636
PF10,OP030,M03,13.175954597186697
PF10,OP030,M04,13.08434925763876
PF10,OP030,M05,12.993380800843552
PF10,OP030,M06,12.90304479889717
PF10,OP030,M07,12.813336854680545
PF10,OP030,M08,12.724252601645418
PF10,OP030,M09,12.635787703601801
PF10,OP030,M10,12.547937854506904
PF10,OP030,M11,12.460698778255537
PF10,OP030,M12,12.37406622847198
PF10,OP030,M13,12.288035988303282
PF10,OP030,M14,12.202603870214006
PF10,OP030,M15,12.117765715782403
PF10,OP030,M16,12.033517395497995
PF10,OP030,M17,11.949854808560579
PF10,OP030,M18,11.866773882680606
PF10,OP030,M19,11.784270573880981
PF10,OP030,M20,11.702340866300203
PF10,OP030,M21,11.6209807719969
PF10,OP030,M22,11.540186330755722
PF10,OP030,M23,11.459953609894567
PF10,OP030,M24,11.38027870407316
PF10,OP030,M25,11.30115773510296
PF10,OP030,M26,11.22258685175839
PF10,OP030,M27,11.144562229589381
PF10,OP030,M28,11.067080070735203
PF10,OP030,M29,10.990136603739622
PF10,OP030,M30,10.91372808336731
PF10,OP030,M31,10.837850790421555
PF10,OP030,M32,10.762501031563216
PF10,OP030,M33,10.68767513913096
PF10,OP030,M34,10.613369470962738
PF10,OP030,M35,10.539580410218493
PF10,OP030,M36,10.466304365204113
PF10,OP030,M37,10.39353776919662
PF10,OP030,M38,10.321277080270532
PF10,OP030,M39,10.249518781125483
PF10,OP030,M40,10.178259378915003
PF10,OP030,M41,10.107495405076511
PF10,OP030,M42,10.037223415162478
PF10,OP030,M43,9.967439988672774
PF10,OP030,M44,9.898141728888165
PF11,OP010,M45,6.099629774323486
PF11,OP010,M46,6.004076186128597
PF11,OP010,M47,5.910019490131225
PF11,OP010,M48,5.8174362368064125
PF11,OP010,M49,5.726303343977113
PF11,OP010,M50,5.636598091059515
PF11,OP010,M51,5.548298113398505
PF11,OP010,M52,5.461381396691882
PF11,OP010,M53,5.375826271501911
PF11,OP010,M54,5.291611407852858
PF11,OP010,M55,5.208715809913157
PF11,OP010,M56,5.127118810760885
PF11,OP010,M57,5.046800067231233
PF11,OP010,M58,4.967739554844704
PF11,OP010,M59,4.889917562814747
PF11,OP010,M60,4.813314689133619
PF11,OP010,M61,4.7379118357352095
PF11,OP010,M62,4.663690203733661
PF11,OP010,M63,4.5906312887365575
PF11,OP010,M64,4.5187168762315535
PF11,OP020,M45,6.099629774323486
PF11,OP020,M46,6.004076186128597
PF11,OP020,M47,5.910019490131225
PF11,OP020,M48,5.8174362368064125
PF11,OP020,M49,5.726303343977113
PF11,OP020,M50,5.636598091059515
PF11,OP020,M51,5.548298113398505
PF11,OP020,M52,5.461381396691882
PF11,OP020,M53,5.375826271501911
PF11,OP020,M54,5.291611407852858
PF11,OP020,M55,5.208715809913157
PF11,OP020,M56,5.127118810760885
PF11,OP020,M57,5.046800067231233
PF11,OP020,M58,4.967739554844704
PF11,OP020,M59,4.889917562814747
PF11,OP020,M60,4.813314689133619
PF11,OP020,M61,4.7379118357352095
PF11,OP020,M62,4.663690203733661
PF11,OP020,M63,4.5906312887365575
PF11,OP020,M64,4.5187168762315535
PF11,OP030,M01,23.236684854565663
PF11,OP030,M02,23.07513265807241
PF11,OP030,M03,22.91470364728121
PF11,OP030,M04,22.7553900132848
PF11,OP030,M05,22.59718400146705
PF11,OP030,M06,22.440077911125513
PF11,OP030,M07,22.2840640950966
PF11,OP030,M08,22.129134959383336
PF11,OP030,M09,21.97528296278574
PF11,OP030,M10,21.822500616533745
PF11,OP030,M11,21.670780483922673
PF11,OP030,M12,21.52011517995127
PF11,OP030,M13,21.37049737096223
PF11,OP030,M14,21.221919774285226
PF11,OP030,M15,21.07437515788244
PF11,OP030,M16,20.927856339996513
PF11,OP030,M17,20.782356188801007
PF11,OP030,M18,20.63786762205323
PF11,OP030,M19,20.49438360674953
PF11,OP030,M20,20.35189715878296
PF11,OP030,M21,20.210401342603305
PF11,OP030,M22,20.069889270879518
PF11,OP030,M23,19.930354104164465
PF11,OP030,M24,19.791789050562016
PF11,OP030,M25,19.65418736539645
PF11,OP030,M26,19.517542350884156
PF11,OP030,M27,19.38184735580762
PF11,OP030,M28,19.247095775191656
PF11,OP030,M29,19.11328104998195
PF11,OP030,M30,18.980396666725756
PF11,OP030,M31,18.848436157254877
PF11,OP030,M32,18.71739309837081
PF11,OP030,M33,18.587261111532104
PF11,OP030,M34,18.458033862543893
PF11,OP030,M35,18.329705061249552
PF11,OP030,M36,18.202268461224545
PF11,OP030,M37,18.075717859472384
PF11,OP030,M38,17.950047096122663
PF11,OP030,M39,17.825250054131274
PF11,OP030,M40,17.701320658982613
PF11,OP030,M41,17.57825287839393
PF11,OP030,M42,17.4560407220217
PF11,OP030,M43,17.334678241170042
PF11,OP030,M44,17.214159528501156
PF11,OP040,M01,2.0332099247744955
PF11,OP040,M02,2.0190741075813357
PF11,OP040,M03,2.005036569137106
PF11,OP040,M04,1.99109662616242
PF11,OP040,M05,1.9772536001283667
PF11,OP040,M06,1.9635068172234824
PF11,OP040,M07,1.9498556083209524
PF11,OP040,M08,1.9362993089460419
PF11,OP040,M09,1.9228372592437524
PF11,OP040,M10,1.9094688039467025
PF11,OP040,M11,1.8961932923432339
PF11,OP040,M12,1.883010078245736
PF11,OP040,M13,1.869918519959195
PF11,OP040,M14,1.8569179802499574
PF11,OP040,M15,1.8440078263147135
PF11,OP040,M16,1.8311874297496948
PF11,OP040,M17,1.818456166520088
PF11,OP040,M18,1.8058134169296574
PF11,OP040,M19,1.793258565590584
PF11,OP040,M20,1.780791001393509
PF11,OP040,M21,1.768410117477789
PF11,OP040,M22,1.7561153112019579
PF11,OP040,M23,1.7439059841143907
PF11,OP040,M24,1.7317815419241764
PF11,OP040,M25,1.7197413944721895
PF11,OP040,M26,1.7077849557023637
PF11,OP040,M27,1.6959116436331665
PF11,OP040,M28,1.68412088032927
PF11,OP040,M29,1.6724120918734207
PF11,OP040,M30,1.660784708338504
PF11,OP040,M31,1.649238163759802
PF11,OP040,M32,1.637771896107446
PF11,OP040,M33,1.6263853472590593
PF11,OP040,M34,1.6150779629725907
PF11,OP040,M35,1.6038491928593357
PF11,OP040,M36,1.5926984903571477
PF11,OP040,M37,1.5816253127038336
PF11,OP040,M38,1.5706291209107333
PF11,OP040,M39,1.5597093797364865
PF11,OP040,M40,1.5488655576609787
PF11,OP040,M41,1.538097126859469
PF11,OP040,M42,1.527403563176899
PF11,OP040,M43,1.5167843461023787
PF11,OP040,M44,1.5062389587438512
PF11,OP050,M01,2.0332099247744955
PF11,OP050,M02,2.0190741075813357
PF11,OP050,M03,2.005036569137106
PF11,OP050,M04,1.99109662616242
PF11,OP050,M05,1.9772536001283667
PF11,OP050,M06,1.9635068172234824
PF11,OP050,M07,1.9498556083209524
PF11,OP050,M08,1.9362993089460419
PF11,OP050,M09,1.9228372592437524
PF11,OP050,M10,1.9094688039467025
PF11,OP050,M11,1.8961932923432339
PF11,OP050,M12,1.883010078245736
PF11,OP050,M13,1.869918519959195
PF11,OP050,M14,1.8569179802499574
PF11,OP050,M15,1.8440078263147135
PF11,OP050,M16,1.8311874297496948
PF11,OP050,M17,1.818456166520088
PF11,OP050,M18,1.8058134169296574
PF11,OP050,M19,1.793258565590584
PF11,OP050,M20,1.780791001393509
PF11,OP050,M21,1.768410117477789
PF11,OP050,M22,1.7561153112019579
PF11,OP050,M23,1.7439059841143907
PF11,OP050,M24,1.7317815419241764
PF11,OP050,M25,1.7197413944721895
PF11,OP050,M26,1.7077849557023637
PF11,OP050,M27,1.6959116436331665
PF11,OP050,M28,1.68412088032927
PF11,OP050,M29,1.6724120918734207
PF11,OP050,M30,1.660784708338504
PF11,OP050,M31,1.649238163759802
PF11,OP050,M32,1.637771896107446
PF11,OP050,M33,1.6263853472590593
PF11,OP050,M34,1.6150779629725907
PF11,OP050,M35,1.6038491928593357
PF11,OP050,M36,1.5926984903571477
PF11,OP050,M37,1.5816253127038336
PF11,OP050,M38,1.5706291209107333
PF11,OP050,M39,1.5597093797364865
PF11,OP050,M40,1.5488655576609787
PF11,OP050,M41,1.538097126859469
PF11,OP050,M42,1.527403563176899
PF11,OP050,M43,1.5167843461023787
PF11,OP050,M44,1.5062389587438512
PF12,OP010,M45,2.323668485456566
PF12,OP010,M46,2.28726711852518
PF12,OP010,M47,2.2514359962404664
PF12,OP010,M48,2.216166185450062
PF12,OP010,M49,2.181448892943662
PF12,OP010,M50,2.1472754632607676
PF12,OP010,M51,2.113637376532764
PF12,OP010,M52,2.0805262463588123
PF12,OP010,M53,2.0479338177150135
PF12,OP010,M54,2.015851964896327
PF12,OP010,M55,1.9842726894907263
PF12,OP010,M56,1.9531881183850992
PF12,OP010,M57,1.9225905018023746
PF12,OP010,M58,1.892472211369411
PF12,OP010,M59,1.8628257382151419
PF12,OP010,M60,1.8336436910985214
PF12,OP010,M61,1.8049187945657943
PF12,OP010,M62,1.7766438871366326
PF12,OP010,M63,1.7488119195186884
PF12,OP010,M64,1.7214159528501156
PF12,OP020,M45,2.323668485456566
PF12,OP020,M46,2.28726711852518
PF12,OP020,M47,2.2514359962404664
PF12,OP020,M48,2.216166185450062
PF12,OP020,M49,2.181448892943662
PF12,OP020,M50,2.1472754632607676
PF12,OP020,M51,2.113637376532764
PF12,OP020,M52,2.0805262463588123
PF12,OP020,M53,2.0479338177150135
PF12,OP020,M54,2.015851964896327
PF12,OP020,M55,1.9842726894907263
PF12,OP020,M56,1.9531881183850992
PF12,OP020,M57,1.9225905018023746
PF12,OP020,M58,1.892472211369411
PF12,OP020,M59,1.8628257382151419
PF12,OP020,M60,1.8336436910985214
PF12,OP020,M61,1.8049187945657943
PF12,OP020,M62,1.7766438871366326
PF12,OP020,M63,1.7488119195186884
PF12,OP020,M64,1.7214159528501156
PF12,OP030,M45,10.456508184554549
PF12,OP030,M46,10.29270203336331
PF12,OP030,M47,10.131461983082099
PF12,OP030,M48,9.972747834525277
PF12,OP030,M49,9.81652001824648
PF12,OP030,M50,9.662739584673455
PF12,OP030,M51,9.511368194397438
PF12,OP030,M52,9.362368108614655
PF12,OP030,M53,9.21570217971756
PF12,OP030,M54,9.07133384203347
PF12,OP030,M55,8.92922710270827
PF12,OP030,M56,8.789346532732946
PF12,OP030,M57,8.651657258110687
PF12,OP030,M58,8.51612495116235
PF12,OP030,M59,8.382715821968139
PF12,OP030,M60,8.251396609943347
PF12,OP030,M61,8.122134575546074
PF12,OP030,M62,7.994897492114847
PF12,OP030,M63,7.869653637834098
PF12,OP030,M64,7.74637178782552
PF12,OP040,M45,5.809171213641416
PF12,OP040,M46,5.71816779631295
PF12,OP040,M47,5.628589990601166
PF12,OP040,M48,5.540415463625155
PF12,OP040,M49,5.453622232359155
PF12,OP040,M50,5.368188658151919
PF12,OP040,M51,5.284093441331909
PF12,OP040,M52,5.20131561589703
PF12,OP040,M53,5.119834544287534
PF12,OP040,M54,5.039629912240817
PF12,OP040,M55,4.960681723726816
PF12,OP040,M56,4.882970295962748
PF12,OP040,M57,4.806476254505936
PF12,OP040,M58,4.731180528423527
PF12,OP040,M59,4.657064345537854
PF12,OP040,M60,4.584109227746303
PF12,OP040,M61,4.512296986414485
PF12,OP040,M62,4.441609717841581
PF12,OP040,M63,4.372029798796721
PF12,OP040,M64,4.303539882125289
PF12,OP050,M45,2.323668485456566
PF12,OP050,M46,2.28726711852518
PF12,OP050,M47,2.2514359962404664
PF12,OP050,M48,2.216166185450062
PF12,OP050,M49,2.181448892943662
PF12,OP050,M50,2.1472754632607676
PF12,OP050,M51,2.113637376532764
PF12,OP050,M52,2.0805262463588123
PF12,OP050,M53,2.0479338177150135
PF12,OP050,M54,2.015851964896327
PF12,OP050,M55,1.9842726894907263
PF12,OP050,M56,1.9531881183850992
PF12,OP050,M57,1.9225905018023746
PF12,OP050,M58,1.892472211369411
PF12,OP050,M59,1.8628257382151419
PF12,OP050,M60,1.8336436910985214
PF12,OP050,M61,1.8049187945657943
PF12,OP050,M62,1.7766438871366326
PF12,OP050,M63,1.7488119195186884
PF12,OP050,M64,1.7214159528501156
PF12,OP060,M45,1.161834242728283
PF12,OP060,M46,1.14363355926259
PF12,OP060,M47,1.1257179981202332
PF12,OP060,M48,1.108083092725031
PF12,OP060,M49,1.090724446471831
PF12,OP060,M50,1.0736377316303838
PF12,OP060,M51,1.056818688266382
PF12,OP060,M52,1.0402631231794062
PF12,OP060,M53,1.0239669088575067
PF12,OP060,M54,1.0079259824481634
PF12,OP060,M55,0.9921363447453632
PF12,OP060,M56,0.9765940591925496
PF12,OP060,M57,0.9612952509011873
PF12,OP060,M58,0.9462361056847055
PF12,OP060,M59,0.9314128691075709
PF12,OP060,M60,0.9168218455492607
PF12,OP060,M61,0.9024593972828971
PF12,OP060,M62,0.8883219435683163
PF12,OP060,M63,0.8744059597593442
PF12,OP060,M64,0.8607079764250578
PF12,OP070,M45,1.7427513640924246
PF12,OP070,M46,1.715450338893885
PF12,OP070,M47,1.68857699718035
PF12,OP070,M48,1.6621246390875464
PF12,OP070,M49,1.6360866697077465
PF12,OP070,M50,1.6104565974455756
PF12,OP070,M51,1.5852280323995729
PF12,OP070,M52,1.5603946847691093
PF12,OP070,M53,1.5359503632862601
PF12,OP070,M54,1.5118889736722452
PF12,OP070,M55,1.488204517118045
PF12,OP070,M56,1.4648910887888245
PF12,OP070,M57,1.441942876351781
PF12,OP070,M58,1.4193541585270582
PF12,OP070,M59,1.3971193036613563
PF12,OP070,M60,1.375232768323891
PF12,OP070,M61,1.3536890959243457
PF12,OP070,M62,1.3324829153524744
PF12,OP070,M63,1.3116089396390163
PF12,OP070,M64,1.2910619646375867
PF12,OP080,M45,2.323668485456566
PF12,OP080,M46,2.28726711852518
PF12,OP080,M47,2.2514359962404664
PF12,OP080,M48,2.216166185450062
PF12,OP080,M49,2.181448892943662
PF12,OP080,M50,2.1472754632607676
PF12,OP080,M51,2.113637376532764
PF12,OP080,M52,2.0805262463588123
PF12,OP080,M53,2.0479338177150135
PF12,OP080,M54,2.015851964896327
PF12,OP080,M55,1.9842726894907263
PF12,OP080,M56,1.9531881183850992
PF12,OP080,M57,1.9225905018023746
PF12,OP080,M58,1.892472211369411
PF12,OP080,M59,1.8628257382151419
PF12,OP080,M60,1.8336436910985214
PF12,OP080,M61,1.8049187945657943
PF12,OP080,M62,1.7766438871366326
PF12,OP080,M63,1.7488119195186884
PF12,OP080,M64,1.7214159528501156
PF12,OP090,M45,3.485502728184849
PF12,OP090,M46,3.43090067778777
PF12,OP090,M47,3.3771539943607
PF12,OP090,M48,3.3242492781750927
PF12,OP090,M49,3.272173339415493
PF12,OP090,M50,3.220913194891151
PF12,OP090,M51,3.1704560647991458
PF12,OP090,M52,3.1207893695382185
PF12,OP090,M53,3.0719007265725202
PF12,OP090,M54,3.0237779473444903
PF12,OP090,M55,2.97640903423609
PF12,OP090,M56,2.929782177577649
PF12,OP090,M57,2.883885752703562
PF12,OP090,M58,2.8387083170541163
PF12,OP090,M59,2.7942386073227126
PF12,OP090,M60,2.750465536647782
PF12,OP090,M61,2.7073781918486914
PF12,OP090,M62,2.664965830704949
PF12,OP090,M63,2.6232178792780325
PF12,OP090,M64,2.5821239292751734
PF12,OP100,M45,2.323668485456566
PF12,OP100,M46,2.28726711852518
PF12,OP100,M47,2.2514359962404664
PF12,OP100,M48,2.216166185450062
PF12,OP100,M49,2.181448892943662
PF12,OP100,M50,2.1472754632607676
PF12,OP100,M51,2.113637376532764
PF12,OP100,M52,2.0805262463588123
PF12,OP100,M53,2.0479338177150135
PF12,OP100,M54,2.015851964896327
PF12,OP100,M55,1.9842726894907263
PF12,OP100,M56,1.9531881183850992
PF12,OP100,M57,1.9225905018023746
PF12,OP100,M58,1.892472211369411
PF12,OP100,M59,1.8628257382151419
PF12,OP100,M60,1.8336436910985214
PF12,OP100,M61,1.8049187945657943
PF12,OP100,M62,1.7766438871366326
PF12,OP100,M63,1.7488119195186884
PF12,OP100,M64,1.7214159528501156
PF12,OP110,M01,16.846596519560105
PF12,OP110,M02,16.729471177102496
PF12,OP110,M03,16.61316014427888
PF12,OP110,M04,16.49765775963148
PF12,OP110,M05,16.38295840106361
PF12,OP110,M06,16.269056485565997
PF12,OP110,M07,16.155946468945032
PF12,OP110,M08,16.043622845552918
PF12,OP110,M09,15.932080148019661
PF12,OP110,M10,15.821312946986964
PF12,OP110,M11,15.711315850843937
PF12,OP110,M12,15.60208350546467
PF12,OP110,M13,15.493610593947617
PF12,OP110,M14,15.38589183635679
PF12,OP110,M15,15.27892198946477
PF12,OP110,M16,15.172695846497472
PF12,OP110,M17,15.06720823688073
PF12,OP110,M18,14.96245402598859
PF12,OP110,M19,14.85842811489341
PF12,OP110,M20,14.755125440117647
PF12,OP110,M21,14.652540973387396
PF12,OP110,M22,14.550669721387651
PF12,OP110,M23,14.449506725519237
PF12,OP110,M24,14.349047061657462
PF12,OP110,M25,14.249285839912426
PF12,OP110,M26,14.150218204391013
PF12,OP110,M27,14.051839332960522
PF12,OP110,M28,13.954144437013952
PF12,OP110,M29,13.857128761236913
PF12,OP110,M30,13.760787583376175
PF12,OP110,M31,13.665116214009787
PF12,OP110,M32,13.570109996318838
PF12,OP110,M33,13.475764305860777
PF12,OP110,M34,13.382074550344322
PF12,OP110,M35,13.289036169405925
PF12,OP110,M36,13.196644634387795
PF12,OP110,M37,13.104895448117478
PF12,OP110,M38,13.013784144688932
PF12,OP110,M39,12.923306289245174
PF12,OP110,M40,12.833457477762394
PF12,OP110,M41,12.7442333368356
PF12,OP110,M42,12.655629523465734
PF12,OP110,M43,12.567641724848281
PF12,OP110,M44,12.480265658163338
PF13,OP010,M45,2.323668485456566
PF13,OP010,M46,2.28726711852518
PF13,OP010,M47,2.2514359962404664
PF13,OP010,M48,2.216166185450062
PF13,OP010,M49,2.181448892943662
PF13,OP010,M50,2.1472754632607676
PF13,OP010,M51,2.113637376532764
PF13,OP010,M52,2.0805262463588123
PF13,OP010,M53,2.0479338177150135
PF13,OP010,M54,2.015851964896327
PF13,OP010,M55,1.9842726894907263
PF13,OP010,M56,1.9531881183850992
PF13,OP010,M57,1.9225905018023746
PF13,OP010,M58,1.892472211369411
PF13,OP010,M59,1.8628257382151419
PF13,OP010,M60,1.8336436910985214
PF13,OP010,M61,1.8049187945657943
PF13,OP010,M62,1.7766438871366326
PF13,OP010,M63,1.7488119195186884
PF13,OP010,M64,1.7214159528501156
PF13,OP020,M45,2.323668485456566
PF13,OP020,M46,2.28726711852518
PF13,OP020,M47,2.2514359962404664
PF13,OP020,M48,2.216166185450062
PF13,OP020,M49,2.181448892943662
PF13,OP020,M50,2.1472754632607676
PF13,OP020,M51,2.113637376532764
PF13,OP020,M52,2.0805262463588123
PF13,OP020,M53,2.0479338177150135
PF13,OP020,M54,2.015851964896327
PF13,OP020,M55,1.9842726894907263
PF13,OP020,M56,1.9531881183850992
PF13,OP020,M57,1.9225905018023746
PF13,OP020,M58,1.892472211369411
PF13,OP020,M59,1.8628257382151419
PF13,OP020,M60,1.8336436910985214
PF13,OP020,M61,1.8049187945657943
PF13,OP020,M62,1.7766438871366326
PF13,OP020,M63,1.7488119195186884
PF13,OP020,M64,1.7214159528501156
PF13,OP030,M45,4.066419849548991
PF13,OP030,M46,4.002717457419065
PF13,OP030,M47,3.9400129934208166
PF13,OP030,M48,3.878290824537608
PF13,OP030,M49,3.817535562651409
PF13,OP030,M50,3.7577320607063434
PF13,OP030,M51,3.6988654089323365
PF13,OP030,M52,3.6409209311279214
PF13,OP030,M53,3.583884181001274
PF13,OP030,M54,3.527740938568572
PF13,OP030,M55,3.472477206608771
PF13,OP030,M56,3.418079207173924
PF13,OP030,M57,3.3645333781541558
PF13,OP030,M58,3.3118263698964694
PF13,OP030,M59,3.2599450418764984
PF13,OP030,M60,3.2088764594224126
PF13,OP030,M61,3.15860789049014
PF13,OP030,M62,3.109126802489107
PF13,OP030,M63,3.0604208591577047
PF13,OP030,M64,3.0124779174877023
PF13,OP040,M45,5.2282540922772744
PF13,OP040,M46,5.146351016681655
PF13,OP040,M47,5.0657309915410496
PF13,OP040,M48,4.986373917262639
PF13,OP040,M49,4.90826000912324
PF13,OP040,M50,4.831369792336727
PF13,OP040,M51,4.755684097198719
PF13,OP040,M52,4.6811840543073275
PF13,OP040,M53,4.60785108985878
PF13,OP040,M54,4.535666921016735
PF13,OP040,M55,4.464613551354135
PF13,OP040,M56,4.394673266366473
PF13,OP040,M57,4.325828629055343
PF13,OP040,M58,4.258062475581175
PF13,OP040,M59,4.1913579109840695
PF13,OP040,M60,4.125698304971674
PF13,OP040,M61,4.061067287773037
PF13,OP040,M62,3.9974487460574233
PF13,OP040,M63,3.934826818917049
PF13,OP040,M64,3.87318589391276
PF13,OP050,M65,4.647336970913132
PF13,OP050,M66,3.4428319057002312
PF13,OP060,M65,5.2282540922772744
PF13,OP060,M66,3.87318589391276
PF13,OP070,M45,4.647336970913132
PF13,OP070,M46,4.57453423705036
PF13,OP070,M47,4.502871992480933
PF13,OP070,M48,4.432332370900124
PF13,OP070,M49,4.362897785887324
PF13,OP070,M50,4.294550926521535
PF13,OP070,M51,4.227274753065528
PF13,OP070,M52,4.161052492717625
PF13,OP070,M53,4.095867635430027
PF13,OP070,M54,4.031703929792654
PF13,OP070,M55,3.9685453789814527
PF13,OP070,M56,3.9063762367701984
PF13,OP070,M57,3.845181003604749
PF13,OP070,M58,3.784944422738822
PF13,OP070,M59,3.7256514764302837
PF13,OP070,M60,3.667287382197043
PF13,OP070,M61,3.6098375891315886
PF13,OP070,M62,3.553287774273265
PF13,OP070,M63,3.497623839037377
PF13,OP070,M64,3.4428319057002312
PF14,OP010,M01,17.427513640924246
PF14,OP010,M02,17.306349493554308
PF14,OP010,M03,17.186027735460907
PF14,OP010,M04,17.0665425099636
PF14,OP010,M05,16.947888001100285
PF14,OP010,M06,16.830058433344135
PF14,OP010,M07,16.713048071322447
PF14,OP010,M08,16.596851219537502
PF14,OP010,M09,16.481462222089306
PF14,OP010,M10,16.36687546240031
PF14,OP010,M11,16.253085362942006
PF14,OP010,M12,16.140086384963453
PF14,OP010,M13,16.027873028221673
PF14,OP010,M14,15.916439830713921
PF14,OP010,M15,15.80578136841183
PF14,OP010,M16,15.695892254997386
PF14,OP010,M17,15.586767141600754
PF14,OP010,M18,15.478400716539921
PF14,OP010,M19,15.370787705062149
PF14,OP010,M20,15.26392286908722
PF14,OP010,M21,15.157801006952479
PF14,OP010,M22,15.052416953159637
PF14,OP010,M23,14.947765578123349
PF14,OP010,M24,14.843841787921512
PF14,OP010,M25,14.740640524047338
PF14,OP010,M26,14.638156763163117
PF14,OP010,M27,14.536385516855713
PF14,OP010,M28,14.435321831393743
PF14,OP010,M29,14.334960787486462
PF14,OP010,M30,14.235297500044318
PF14,OP010,M31,14.136327117941159
PF14,OP010,M32,14.038044823778108
PF14,OP010,M33,13.940445833649079
PF14,OP010,M34,13.84352539690792
PF14,OP010,M35,13.747278795937165
PF14,OP010,M36,13.65170134591841
PF14,OP010,M37,13.556788394604288
PF14,OP010,M38,13.462535322091998
PF14,OP010,M39,13.368937540598456
PF14,OP010,M40,13.275990494236959
PF14,OP010,M41,13.183689658795448
PF14,OP010,M42,13.092030541516277
PF14,OP010,M43,13.001008680877531
PF14,OP010,M44,12.910619646375867
PF14,OP020,M01,5.809171213641416
PF14,OP020,M02,5.768783164518102
PF14,OP020,M03,5.728675911820303
PF14,OP020,M04,5.6888475033212
PF14,OP020,M05,5.649296000366762
PF14,OP020,M06,5.610019477781378
PF14,OP020,M07,5.57101602377415
PF14,OP020,M08,5.532283739845834
PF14,OP020,M09,5.493820740696435
PF14,OP020,M10,5.455625154133436
PF14,OP020,M11,5.417695120980668
PF14,OP020,M12,5.380028794987817
PF14,OP020,M13,5.3426243427405575
PF14,OP020,M14,5.3054799435713065
PF14,OP020,M15,5.26859378947061
PF14,OP020,M16,5.231964084999128
PF14,OP020,M17,5.195589047200252
PF14,OP020,M18,5.159466905513307
PF14,OP020,M19,5.123595901687382
PF14,OP020,M20,5.08797428969574
PF14,OP020,M21,5.052600335650826
PF14,OP020,M22,5.0174723177198794
PF14,OP020,M23,4.982588526041116
PF14,OP020,M24,4.947947262640504
PF14,OP020,M25,4.913546841349112
PF14,OP020,M26,4.879385587721039
PF14,OP020,M27,4.845461838951905
PF14,OP020,M28,4.811773943797914
PF14,OP020,M29,4.7783202624954875
PF14,OP020,M30,4.745099166681439
PF14,OP020,M31,4.712109039313719
PF14,OP020,M32,4.679348274592702
PF14,OP020,M33,4.646815277883026
PF14,OP020,M34,4.614508465635973
PF14,OP020,M35,4.582426265312388
PF14,OP020,M36,4.550567115306136
PF14,OP020,M37,4.518929464868096
PF14,OP020,M38,4.487511774030666
PF14,OP020,M39,4.4563125135328185
PF14,OP020,M40,4.425330164745653
PF14,OP020,M41,4.394563219598482
PF14,OP020,M42,4.364010180505425
PF14,OP020,M43,4.333669560292511
PF14,OP020,M44,4.303539882125289
PF14,OP030,M01,55.76804365095759
PF14,OP030,M02,55.38031837937378
PF14,OP030,M03,54.99528875347491
PF14,OP030,M04,54.61293603188352
PF14,OP030,M05,54.233241603520916
PF14,OP030,M06,53.85618698670123
PF14,OP030,M07,53.48175382823184
PF14,OP030,M08,53.10992390252
PF14,OP030,M09,52.740679110685775
PF14,OP030,M10,52.374001479680985
PF14,OP030,M11,52.00987316141441
PF14,OP030,M12,51.64827643188305
PF14,OP030,M13,51.28919369030935
PF14,OP030,M14,50.932607458284544
PF14,OP030,M15,50.57850037891786
PF14,OP030,M16,50.226855215991634
PF14,OP030,M17,49.877654853122415
PF14,OP030,M18,49.53088229292775
PF14,OP030,M19,49.18652065619887
PF14,OP030,M20,48.84455318107911
PF14,OP030,M21,48.50496322224793
PF14,OP030,M22,48.16773425011084
PF14,OP030,M23,47.832849849994716
PF14,OP030,M24,47.50029372134884
PF14,OP030,M25,47.17004967695148
PF14,OP030,M26,46.842101642121975
PF14,OP030,M27,46.516433653938286
PF14,OP030,M28,46.19302986045998
PF14,OP030,M29,45.87187451995668
PF14,OP030,M30,45.552952000141815
PF14,OP030,M31,45.23624677741171
PF14,OP030,M32,44.92174343608995
PF14,OP030,M33,44.609426667677056
PF14,OP030,M34,44.29928127010534
PF14,OP030,M35,43.99129214699892
PF14,OP030,M36,43.685444306938905
PF14,OP030,M37,43.38172286273372
PF14,OP030,M38,43.0801130306944
PF14,OP030,M39,42.78060012991506
PF14,OP030,M40,42.48316958155827
PF14,OP030,M41,42.18780690814543
PF14,OP030,M42,41.89449773285208
PF14,OP030,M43,41.6032277788081
PF14,OP030,M44,41.313982868402775
PF14,OP040,M01,22.423400884655866
PF14,OP040,M02,22.267503015039875
PF14,OP040,M03,22.11268901962637
PF14,OP040,M04,21.958951362819832
PF14,OP040,M05,21.806282561415703
PF14,OP040,M06,21.65467518423612
PF14,OP040,M07,21.504121851768218
PF14,OP040,M08,21.354615235804918
PF14,OP040,M09,21.20614805908824
PF14,OP040,M10,21.058713094955063
PF14,OP040,M11,20.912303166985378
PF14,OP040,M12,20.766911148652976
PF14,OP040,M13,20.62252996297855
PF14,OP040,M14,20.479152582185247
PF14,OP040,M15,20.336772027356556
PF14,OP040,M16,20.195381368096637
PF14,OP040,M17,20.054973722192972
PF14,OP040,M18,19.915542255281366
PF14,OP040,M19,19.7770801805133
PF14,OP040,M20,19.639580758225556
PF14,OP040,M21,19.503037295612188
PF14,OP040,M22,19.367443146398735
PF14,OP040,M23,19.23279171051871
PF14,OP040,M24,19.099076433792348
PF14,OP040,M25,18.966290807607574
PF14,OP040,M26,18.834428368603213
PF14,OP040,M27,18.703482698354353
PF14,OP040,M28,18.57344742305995
PF14,OP040,M29,18.444316213232582
PF14,OP040,M30,18.316082783390357
PF14,OP040,M31,18.188740891750957
PF14,OP040,M32,18.062284339927835
PF14,OP040,M33,17.936706972628482
PF14,OP040,M34,17.812002677354858
PF14,OP040,M35,17.68816538410582
PF14,OP040,M36,17.565189065081686
PF14,OP040,M37,17.44306773439085
PF14,OP040,M38,17.321795447758372
PF14,OP040,M39,17.201366302236682
PF14,OP040,M40,17.081774435918224
PF14,OP040,M41,16.963014027650143
PF14,OP040,M42,16.845079296750942
PF14,OP040,M43,16.72796450272909
PF14,OP040,M44,16.611663945003617
PF14,OP050,M67,13.942010912739397
PF14,OP050,M68,10.328495717100694
PF15,OP010,M45,3.485502728184849
PF15,OP010,M46,3.43090067778777
PF15,OP010,M47,3.3771539943607
PF15,OP010,M48,3.3242492781750927
PF15,OP010,M49,3.272173339415493
PF15,OP010,M50,3.220913194891151
PF15,OP010,M51,3.1704560647991458
PF15,OP010,M52,3.1207893695382185
PF15,OP010,M53,3.0719007265725202
PF15,OP010,M54,3.0237779473444903
PF15,OP010,M55,2.97640903423609
PF15,OP010,M56,2.929782177577649
PF15,OP010,M57,2.883885752703562
PF15,OP010,M58,2.8387083170541163
PF15,OP010,M59,2.7942386073227126
PF15,OP010,M60,2.750465536647782
PF15,OP010,M61,2.7073781918486914
PF15,OP010,M62,2.664965830704949
PF15,OP010,M63,2.6232178792780325
PF15,OP010,M64,2.5821239292751734
PF15,OP020,M01,4.47306183450389
PF15,OP020,M02,4.441963036678939
PF15,OP020,M03,4.411080452101634
PF15,OP020,M04,4.3804125775573235
PF15,OP020,M05,4.349957920282407
PF15,OP020,M06,4.319714997891661
PF15,OP020,M07,4.289682338306095
PF15,OP020,M08,4.259858479681292
PF15,OP020,M09,4.230241970336255
PF15,OP020,M10,4.200831368682746
PF15,OP020,M11,4.171625243155114
PF15,OP020,M12,4.142622172140619
PF15,OP020,M13,4.113820743910229
PF15,OP020,M14,4.085219556549906
PF15,OP020,M15,4.05681721789237
PF15,OP020,M16,4.028612345449329
PF15,OP020,M17,4.000603566344194
PF15,OP020,M18,3.9727895172452463
PF15,OP020,M19,3.945168844299285
PF15,OP020,M20,3.91774020306572
PF15,OP020,M21,3.890502258451136
PF15,OP020,M22,3.8634536846443073
PF15,OP020,M23,3.8365931650516596
PF15,OP020,M24,3.8099193922331884
PF15,OP020,M25,3.783431067838817
PF15,OP020,M26,3.7571269025452003
PF15,OP020,M27,3.7310056159929665
PF15,OP020,M28,3.7050659367243943
PF15,OP020,M29,3.6793066021215255
PF15,OP020,M30,3.6537263583447084
PF15,OP020,M31,3.628323960271564
PF15,OP020,M32,3.6030981714363812
PF15,OP020,M33,3.57804776396993
PF15,OP020,M34,3.5531715185396995
PF15,OP020,M35,3.5284682242905387
PF15,OP020,M36,3.503936678785725
PF15,OP020,M37,3.479575687948434
PF15,OP020,M38,3.4553840660036133
PF15,OP020,M39,3.4313606354202704
PF15,OP020,M40,3.407504226854153
PF15,OP020,M41,3.383813679090832
PF15,OP020,M42,3.3602878389891777
PF15,OP020,M43,3.336925561425233
PF15,OP020,M44,3.313725709236473
PF15,OP030,M01,1.7427513640924246
PF15,OP030,M02,1.7306349493554307
PF15,OP030,M03,1.718602773546091
PF15,OP030,M04,1.70665425099636
PF15,OP030,M05,1.6947888001100286
PF15,OP030,M06,1.6830058433344135
PF15,OP030,M07,1.671304807132245
PF15,OP030,M08,1.65968512195375
PF15,OP030,M09,1.6481462222089305
PF15,OP030,M10,1.6366875462400308
PF15,OP030,M11,1.6253085362942004
PF15,OP030,M12,1.6140086384963452
PF15,OP030,M13,1.602787302822167
PF15,OP030,M14,1.591643983071392
PF15,OP030,M15,1.580578136841183
PF15,OP030,M16,1.5695892254997386
PF15,OP030,M17,1.5586767141600755
PF15,OP030,M18,1.5478400716539922
PF15,OP030,M19,1.5370787705062148
PF15,OP030,M20,1.526392286908722
PF15,OP030,M21,1.5157801006952478
PF15,OP030,M22,1.5052416953159637
PF15,OP030,M23,1.4947765578123349
PF15,OP030,M24,1.4843841787921512
PF15,OP030,M25,1.4740640524047337
PF15,OP030,M26,1.4638156763163117
PF15,OP030,M27,1.4536385516855714
PF15,OP030,M28,1.4435321831393744
PF15,OP030,M29,1.4334960787486462
PF15,OP030,M30,1.4235297500044317
PF15,OP030,M31,1.4136327117941159
PF15,OP030,M32,1.4038044823778109
PF15,OP030,M33,1.394044583364908
PF15,OP030,M34,1.3843525396907919
PF15,OP030,M35,1.3747278795937163
PF15,OP030,M36,1.3651701345918408
PF15,OP030,M37,1.3556788394604287
PF15,OP030,M38,1.3462535322092
PF15,OP030,M39,1.3368937540598456
PF15,OP030,M40,1.327599049423696
PF15,OP030,M41,1.3183689658795448
PF15,OP030,M42,1.3092030541516275
PF15,OP030,M43,1.300100868087753
PF15,OP030,M44,1.2910619646375867
PF16,OP010,M45,5.954400493982451
PF16,OP010,M46,5.861121991220774
PF16,OP010,M47,5.769304740366196
PF16,OP010,M48,5.6789258502157836
PF16,OP010,M49,5.589962788168134
PF16,OP010,M50,5.502393374605717
PF16,OP010,M51,5.416195777365207
PF16,OP010,M52,5.331348506294456
PF16,OP010,M53,5.247830407894722
PF16,OP010,M54,5.165620660046837
PF16,OP010,M55,5.084698766819987
PF16,OP010,M56,5.005044553361817
PF16,OP010,M57,4.926638160868585
PF16,OP010,M58,4.849460041634115
PF16,OP010,M59,4.773490954176301
PF16,OP010,M60,4.6987119584399615
PF16,OP010,M61,4.625104411074847
PF16,OP010,M62,4.552649960787621
PF16,OP010,M63,4.4813305437666395
PF16,OP010,M64,4.411128379178422
PF16,OP020,M45,5.954400493982451
PF16,OP020,M46,5.861121991220774
PF16,OP020,M47,5.769304740366196
PF16,OP020,M48,5.6789258502157836
PF16,OP020,M49,5.589962788168134
PF16,OP020,M50,5.502393374605717
PF16,OP020,M51,5.416195777365207
PF16,OP020,M52,5.331348506294456
PF16,OP020,M53,5.247830407894722
PF16,OP020,M54,5.165620660046837
PF16,OP020,M55,5.084698766819987
PF16,OP020,M56,5.005044553361817
PF16,OP020,M57,4.926638160868585
PF16,OP020,M58,4.849460041634115
PF16,OP020,M59,4.773490954176301
PF16,OP020,M60,4.6987119584399615
PF16,OP020,M61,4.625104411074847
PF16,OP020,M62,4.552649960787621
PF16,OP020,M63,4.4813305437666395
PF16,OP020,M64,4.411128379178422
PF16,OP030,M01,23.236684854565663
PF16,OP030,M02,23.07513265807241
PF16,OP030,M03,22.91470364728121
PF16,OP030,M04,22.7553900132848
PF16,OP030,M05,22.59718400146705
PF16,OP030,M06,22.440077911125513
PF16,OP030,M07,22.2840640950966
PF16,OP030,M08,22.129134959383336
PF16,OP030,M09,21.97528296278574
PF16,OP030,M10,21.822500616533745
PF16,OP030,M11,21.670780483922673
PF16,OP030,M12,21.52011517995127
PF16,OP030,M13,21.37049737096223
PF16,OP030,M14,21.221919774285226
PF16,OP030,M15,21.07437515788244
PF16,OP030,M16,20.927856339996513
PF16,OP030,M17,20.782356188801007
PF16,OP030,M18,20.63786762205323
PF16,OP030,M19,20.49438360674953
PF16,OP030,M20,20.35189715878296
PF16,OP030,M21,20.210401342603305
PF16,OP030,M22,20.069889270879518
PF16,OP030,M23,19.930354104164465
PF16,OP030,M24,19.791789050562016
PF16,OP030,M25,19.65418736539645
PF16,OP030,M26,19.517542350884156
PF16,OP030,M27,19.38184735580762
PF16,OP030,M28,19.247095775191656
PF16,OP030,M29,19.11328104998195
PF16,OP030,M30,18.980396666725756
PF16,OP030,M31,18.848436157254877
PF16,OP030,M32,18.71739309837081
PF16,OP030,M33,18.587261111532104
PF16,OP030,M34,18.458033862543893
PF16,OP030,M35,18.329705061249552
PF16,OP030,M36,18.202268461224545
PF16,OP030,M37,18.075717859472384
PF16,OP030,M38,17.950047096122663
PF16,OP030,M39,17.825250054131274
PF16,OP030,M40,17.701320658982613
PF16,OP030,M41,17.57825287839393
PF16,OP030,M42,17.4560407220217
PF16,OP030,M43,17.334678241170042
PF16,OP030,M44,17.214159528501156
PF16,OP040,M01,4.792566251254168
PF16,OP040,M02,4.759246110727434
PF16,OP040,M03,4.72615762725175
PF16,OP040,M04,4.69329919023999
PF16,OP040,M05,4.6606692003025785
PF16,OP040,M06,4.628266069169637
PF16,OP040,M07,4.596088219613674
PF16,OP040,M08,4.564134085372813
PF16,OP040,M09,4.532402111074559
PF16,OP040,M10,4.5008907521600845
PF16,OP040,M11,4.469598474809051
PF16,OP040,M12,4.438523755864949
PF16,OP040,M13,4.40766508276096
PF16,OP040,M14,4.377020953446328
PF16,OP040,M15,4.346589876313253
PF16,OP040,M16,4.316370370124281
PF16,OP040,M17,4.286360963940208
PF16,OP040,M18,4.256560197048478
PF16,OP040,M19,4.2269666188920905
PF16,OP040,M20,4.197578788998985
PF16,OP040,M21,4.168395276911932
PF16,OP040,M22,4.1394146621189005
PF16,OP040,M23,4.110635533983921
PF16,OP040,M24,4.082056491678416
PF16,OP040,M25,4.053676144113018
PF16,OP040,M26,4.025493109869857
PF16,OP040,M27,3.997506017135321
PF16,OP040,M28,3.9697135036332796
PF16,OP040,M29,3.9421142165587773
PF16,OP040,M30,3.9147068125121876
PF16,OP040,M31,3.8874899574338184
PF16,OP040,M32,3.86046232653898
PF16,OP040,M33,3.8336226042534967
PF16,OP040,M34,3.8069694841496777
PF16,OP040,M35,3.78050166888272
PF16,OP040,M36,3.7542178701275626
PF16,OP040,M37,3.728116808516179
PF16,OP040,M38,3.7021972135752996
PF16,OP040,M39,3.6764578236645753
PF16,OP040,M40,3.650897385915164
PF16,OP040,M41,3.625514656168748
PF16,OP040,M42,3.600308398916976
PF16,OP040,M43,3.575277387241321
PF16,OP040,M44,3.5504204027533635
PF17,OP010,M45,2.904585606820708
PF17,OP010,M46,2.859083898156475
PF17,OP010,M47,2.814294995300583
PF17,OP010,M48,2.7702077318125773
PF17,OP010,M49,2.7268111161795776
PF17,OP010,M50,2.6840943290759594
PF17,OP010,M51,2.6420467206659546
PF17,OP010,M52,2.600657807948515
PF17,OP010,M53,2.559917272143767
PF17,OP010,M54,2.5198149561204084
PF17,OP010,M55,2.480340861863408
PF17,OP010,M56,2.441485147981374
PF17,OP010,M57,2.403238127252968
PF17,OP010,M58,2.3655902642117637
PF17,OP010,M59,2.328532172768927
PF17,OP010,M60,2.2920546138731517
PF17,OP010,M61,2.2561484932072426
PF17,OP010,M62,2.2208048589207907
PF17,OP010,M63,2.1860148993983604
PF17,OP010,M64,2.1517699410626445
PF17,OP020,M45,3.2981101083899653
PF17,OP020,M46,3.2464436521002558
PF17,OP020,M47,3.1955865753090498
PF17,OP020,M48,3.1455261987033136
PF17,OP020,M49,3.096250041597456
PF17,OP020,M50,3.047745818821735
PF17,OP020,M51,3.000001437659407
PF17,OP020,M52,2.9530049948318626
PF17,OP020,M53,2.906744773530987
PF17,OP020,M54,2.8612092404980123
PF17,OP020,M55,2.816387043148128
PF17,OP020,M56,2.772267006740141
PF17,OP020,M57,2.7288381315904675
PF17,OP020,M58,2.686089590330777
PF17,OP020,M59,2.6440107252085885
PF17,OP020,M60,2.6025910454301595
PF17,OP020,M61,2.5618202245449986
PF17,OP020,M62,2.52168809787135
PF17,OP020,M63,2.4821846599620097
PF17,OP020,M64,2.443300062109842
PF17,OP030,M45,2.323668485456566
PF17,OP030,M46,2.28726711852518
PF17,OP030,M47,2.2514359962404664
PF17,OP030,M48,2.2161661854500614
PF17,OP030,M49,2.1814488929436617
PF17,OP030,M50,2.147275463260767
PF17,OP030,M51,2.1136373765327634
PF17,OP030,M52,2.080526246358812
PF17,OP030,M53,2.0479338177150135
PF17,OP030,M54,2.0158519648963265
PF17,OP030,M55,1.984272689490726
PF17,OP030,M56,1.953188118385099
PF17,OP030,M57,1.9225905018023746
PF17,OP030,M58,1.8924722113694108
PF17,OP030,M59,1.8628257382151416
PF17,OP030,M60,1.8336436910985212
PF17,OP030,M61,1.804918794565794
PF17,OP030,M62,1.7766438871366323
PF17,OP030,M63,1.7488119195186882
PF17,OP030,M64,1.7214159528501156
PF17,OP040,M01,3.7759612888669203
PF17,OP040,M02,3.7497090569367666
PF17,OP040,M03,3.723639342683197
PF17,OP040,M04,3.69775087715878
PF17,OP040,M05,3.672042400238395
PF17,OP040,M06,3.646512660557896
PF17,OP040,M07,3.6211604154531973
PF17,OP040,M08,3.595984430899792
PF17,OP040,M09,3.570983481452683
PF17,OP040,M10,3.5461563501867333
PF17,OP040,M11,3.5215018286374344
PF17,OP040,M12,3.4970187167420814
PF17,OP040,M13,3.472705822781362
PF17,OP040,M14,3.4485619633213496
PF17,OP040,M15,3.4245859631558964
PF17,OP040,M16,3.4007766552494334
PF17,OP040,M17,3.3771328806801635
PF17,OP040,M18,3.3536534885836495
PF17,OP040,M19,3.330337336096799
PF17,OP040,M20,3.307183288302231
PF17,OP040,M21,3.284190218173037
PF17,OP040,M22,3.2613570065179216
PF17,OP040,M23,3.2386825419267256
PF17,OP040,M24,3.2161657207163277
PF17,OP040,M25,3.1938054468769232
PF17,OP040,M26,3.1716006320186754
PF17,OP040,M27,3.1495501953187377
PF17,OP040,M28,3.1276530634686446
PF17,OP040,M29,3.1059081706220666
PF17,OP040,M30,3.0843144583429356
PF17,OP040,M31,3.0628708755539176
PF17,OP040,M32,3.041576378485257
PF17,OP040,M33,3.0204299306239673
PF17,OP040,M34,2.9994305026633827
PF17,OP040,M35,2.978577072453052
PF17,OP040,M36,2.9578686249489885
PF17,OP040,M37,2.937304152164262
PF17,OP040,M38,2.916882653119933
PF17,OP040,M39,2.896603133796332
PF17,OP040,M40,2.8764646070846744
PF17,OP040,M41,2.856466092739014
PF17,OP040,M42,2.8366066173285267
PF17,OP040,M43,2.816885214190132
PF17,OP040,M44,2.797300923381438
PF17,OP050,M45,2.323668485456566
PF17,OP050,M46,2.28726711852518
PF17,OP050,M47,2.2514359962404664
PF17,OP050,M48,2.2161661854500614
PF17,OP050,M49,2.1814488929436617
PF17,OP050,M50,2.147275463260767
PF17,OP050,M51,2.1136373765327634
PF17,OP050,M52,2.080526246358812
PF17,OP050,M53,2.0479338177150135
PF17,OP050,M54,2.0158519648963265
PF17,OP050,M55,1.984272689490726
PF17,OP050,M56,1.953188118385099
PF17,OP050,M57,1.9225905018023746
PF17,OP050,M58,1.8924722113694108
PF17,OP050,M59,1.8628257382151416
PF17,OP050,M60,1.8336436910985212
PF17,OP050,M61,1.804918794565794
PF17,OP050,M62,1.7766438871366323
PF17,OP050,M63,1.7488119195186882
PF17,OP050,M64,1.7214159528501156
PF18,OP010,M45,2.323668485456566
PF18,OP010,M46,2.28726711852518
PF18,OP010,M47,2.2514359962404664
PF18,OP010,M48,2.2161661854500614
PF18,OP010,M49,2.1814488929436617
PF18,OP010,M50,2.147275463260767
PF18,OP010,M51,2.1136373765327634
PF18,OP010,M52,2.080526246358812
PF18,OP010,M53,2.0479338177150135
PF18,OP010,M54,2.0158519648963265
PF18,OP010,M55,1.984272689490726
PF18,OP010,M56,1.953188118385099
PF18,OP010,M57,1.9225905018023746
PF18,OP010,M58,1.8924722113694108
PF18,OP010,M59,1.8628257382151416
PF18,OP010,M60,1.8336436910985212
PF18,OP010,M61,1.804918794565794
PF18,OP010,M62,1.7766438871366323
PF18,OP010,M63,1.7488119195186882
PF18,OP010,M64,1.7214159528501156
PF18,OP020,M45,2.323668485456566
PF18,OP020,M46,2.28726711852518
PF18,OP020,M47,2.2514359962404664
PF18,OP020,M48,2.2161661854500614
PF18,OP020,M49,2.1814488929436617
PF18,OP020,M50,2.147275463260767
PF18,OP020,M51,2.1136373765327634
PF18,OP020,M52,2.080526246358812
PF18,OP020,M53,2.0479338177150135
PF18,OP020,M54,2.0158519648963265
PF18,OP020,M55,1.984272689490726
PF18,OP020,M56,1.953188118385099
PF18,OP020,M57,1.9225905018023746
PF18,OP020,M58,1.8924722113694108
PF18,OP020,M59,1.8628257382151416
PF18,OP020,M60,1.8336436910985212
PF18,OP020,M61,1.804918794565794
PF18,OP020,M62,1.7766438871366323
PF18,OP020,M63,1.7488119195186882
PF18,OP020,M64,1.7214159528501156
PF18,OP030,M45,10.456508184554549
PF18,OP030,M46,10.29270203336331
PF18,OP030,M47,10.131461983082099
PF18,OP030,M48,9.972747834525277
PF18,OP030,M49,9.81652001824648
PF18,OP030,M50,9.662739584673455
PF18,OP030,M51,9.511368194397438
PF18,OP030,M52,9.362368108614655
PF18,OP030,M53,9.21570217971756
PF18,OP030,M54,9.07133384203347
PF18,OP030,M55,8.92922710270827
PF18,OP030,M56,8.789346532732946
PF18,OP030,M57,8.651657258110687
PF18,OP030,M58,8.51612495116235
PF18,OP030,M59,8.382715821968139
PF18,OP030,M60,8.251396609943347
PF18,OP030,M61,8.122134575546074
PF18,OP030,M62,7.994897492114847
PF18,OP030,M63,7.869653637834098
PF18,OP030,M64,7.74637178782552
PF18,OP040,M45,5.809171213641416
PF18,OP040,M46,5.71816779631295
PF18,OP040,M47,5.628589990601166
PF18,OP040,M48,5.540415463625155
PF18,OP040,M49,5.453622232359155
PF18,OP040,M50,5.368188658151919
PF18,OP040,M51,5.284093441331909
PF18,OP040,M52,5.20131561589703
PF18,OP040,M53,5.119834544287534
PF18,OP040,M54,5.039629912240817
PF18,OP040,M55,4.960681723726816
PF18,OP040,M56,4.882970295962748
PF18,OP040,M57,4.806476254505936
PF18,OP040,M58,4.731180528423527
PF18,OP040,M59,4.657064345537854
PF18,OP040,M60,4.584109227746303
PF18,OP040,M61,4.512296986414485
PF18,OP040,M62,4.441609717841581
PF18,OP040,M63,4.372029798796721
PF18,OP040,M64,4.303539882125289
PF18,OP050,M45,2.323668485456566
PF18,OP050,M46,2.28726711852518
PF18,OP050,M47,2.2514359962404664
PF18,OP050,M48,2.2161661854500614
PF18,OP050,M49,2.1814488929436617
PF18,OP050,M50,2.147275463260767
PF18,OP050,M51,2.1136373765327634
PF18,OP050,M52,2.080526246358812
PF18,OP050,M53,2.0479338177150135
PF18,OP050,M54,2.0158519648963265
PF18,OP050,M55,1.984272689490726
PF18,OP050,M56,1.953188118385099
PF18,OP050,M57,1.9225905018023746
PF18,OP050,M58,1.8924722113694108
PF18,OP050,M59,1.8628257382151416
PF18,OP050,M60,1.8336436910985212
PF18,OP050,M61,1.804918794565794
PF18,OP050,M62,1.7766438871366323
PF18,OP050,M63,1.7488119195186882
PF18,OP050,M64,1.7214159528501156
PF18,OP060,M45,1.161834242728283
PF18,OP060,M46,1.14363355926259
PF18,OP060,M47,1.1257179981202332
PF18,OP060,M48,1.1080830927250307
PF18,OP060,M49,1.0907244464718309
PF18,OP060,M50,1.0736377316303836
PF18,OP060,M51,1.0568186882663817
PF18,OP060,M52,1.040263123179406
PF18,OP060,M53,1.0239669088575067
PF18,OP060,M54,1.0079259824481632
PF18,OP060,M55,0.992136344745363
PF18,OP060,M56,0.9765940591925495
PF18,OP060,M57,0.9612952509011873
PF18,OP060,M58,0.9462361056847054
PF18,OP060,M59,0.9314128691075708
PF18,OP060,M60,0.9168218455492606
PF18,OP060,M61,0.902459397282897
PF18,OP060,M62,0.8883219435683162
PF18,OP060,M63,0.8744059597593441
PF18,OP060,M64,0.8607079764250578
PF18,OP070,M45,1.7427513640924246
PF18,OP070,M46,1.715450338893885
PF18,OP070,M47,1.68857699718035
PF18,OP070,M48,1.6621246390875464
PF18,OP070,M49,1.6360866697077465
PF18,OP070,M50,1.6104565974455756
PF18,OP070,M51,1.5852280323995729
PF18,OP070,M52,1.5603946847691093
PF18,OP070,M53,1.5359503632862601
PF18,OP070,M54,1.5118889736722452
PF18,OP070,M55,1.488204517118045
PF18,OP070,M56,1.4648910887888245
PF18,OP070,M57,1.441942876351781
PF18,OP070,M58,1.4193541585270582
PF18,OP070,M59,1.3971193036613563
PF18,OP070,M60,1.375232768323891
PF18,OP070,M61,1.3536890959243457
PF18,OP070,M62,1.3324829153524744
PF18,OP070,M63,1.3116089396390163
PF18,OP070,M64,1.2910619646375867
PF18,OP080,M45,2.323668485456566
PF18,OP080,M46,2.28726711852518
PF18,OP080,M47,2.2514359962404664
PF18,OP080,M48,2.2161661854500614
PF18,OP080,M49,2.1814488929436617
PF18,OP080,M50,2.147275463260767
PF18,OP080,M51,2.1136373765327634
PF18,OP080,M52,2.080526246358812
PF18,OP080,M53,2.0479338177150135
PF18,OP080,M54,2.0158519648963265
PF18,OP080,M55,1.984272689490726
PF18,OP080,M56,1.953188118385099
PF18,OP080,M57,1.9225905018023746
PF18,OP080,M58,1.8924722113694108
PF18,OP080,M59,1.8628257382151416
PF18,OP080,M60,1.8336436910985212
PF18,OP080,M61,1.804918794565794
PF18,OP080,M62,1.7766438871366323
PF18,OP080,M63,1.7488119195186882
PF18,OP080,M64,1.7214159528501156
PF18,OP090,M45,4.647336970913132
PF18,OP090,M46,4.57453423705036
PF18,OP090,M47,4.502871992480933
PF18,OP090,M48,4.432332370900123
PF18,OP090,M49,4.3628977858873235
PF18,OP090,M50,4.294550926521534
PF18,OP090,M51,4.227274753065527
PF18,OP090,M52,4.161052492717624
PF18,OP090,M53,4.095867635430027
PF18,OP090,M54,4.031703929792653
PF18,OP090,M55,3.968545378981452
PF18,OP090,M56,3.906376236770198
PF18,OP090,M57,3.845181003604749
PF18,OP090,M58,3.7849444227388216
PF18,OP090,M59,3.7256514764302833
PF18,OP090,M60,3.6672873821970424
PF18,OP090,M61,3.609837589131588
PF18,OP090,M62,3.5532877742732647
PF18,OP090,M63,3.4976238390373764
PF18,OP090,M64,3.4428319057002312
PF18,OP100,M45,2.323668485456566
PF18,OP100,M46,2.28726711852518
PF18,OP100,M47,2.2514359962404664
PF18,OP100,M48,2.2161661854500614
PF18,OP100,M49,2.1814488929436617
PF18,OP100,M50,2.147275463260767
PF18,OP100,M51,2.1136373765327634
PF18,OP100,M52,2.080526246358812
PF18,OP100,M53,2.0479338177150135
PF18,OP100,M54,2.0158519648963265
PF18,OP100,M55,1.984272689490726
PF18,OP100,M56,1.953188118385099
PF18,OP100,M57,1.9225905018023746
PF18,OP100,M58,1.8924722113694108
PF18,OP100,M59,1.8628257382151416
PF18,OP100,M60,1.8336436910985212
PF18,OP100,M61,1.804918794565794
PF18,OP100,M62,1.7766438871366323
PF18,OP100,M63,1.7488119195186882
PF18,OP100,M64,1.7214159528501156
PF19,OP010,M01,44.14970122367476
PF19,OP010,M02,43.84275205033758
PF19,OP010,M03,43.5379369298343
PF19,OP010,M04,43.235241025241116
PF19,OP010,M05,42.93464960278739
PF19,OP010,M06,42.636148031138475
PF19,OP010,M07,42.33972178068354
PF19,OP010,M08,42.045356422828334
PF19,OP010,M09,41.753037629292905
PF19,OP010,M10,41.46275117141411
PF19,OP010,M11,41.17448291945308
PF19,OP010,M12,40.88821884190741
PF19,OP010,M13,40.60394500482823
PF19,OP010,M14,40.32164757114193
PF19,OP010,M15,40.04131279997664
PF19,OP010,M16,39.76292704599337
PF19,OP010,M17,39.48647675872191
PF19,OP010,M18,39.21194848190113
PF19,OP010,M19,38.93932885282411
PF19,OP010,M20,38.668604601687626
PF19,OP010,M21,38.39976255094628
PF19,OP010,M22,38.13278961467108
PF19,OP010,M23,37.86767279791248
PF19,OP010,M24,37.60439919606783
PF19,OP010,M25,37.34295599425326
PF19,OP010,M26,37.0833304666799
PF19,OP010,M27,36.825509976034475
PF19,OP010,M28,36.56948197286415
PF19,OP010,M29,36.3152339949657
PF19,OP010,M30,36.06275366677894
PF19,OP010,M31,35.81202869878427
PF19,OP010,M32,35.563046886904544
PF19,OP010,M33,35.315796111911
PF19,OP010,M34,35.0702643388334
PF19,OP010,M35,34.826439616374145
PF19,OP010,M36,34.58431007632664
PF19,OP010,M37,34.34386393299753
PF19,OP010,M38,34.10508948263306
PF19,OP010,M39,33.86797510284942
PF19,OP010,M40,33.63250925206697
PF19,OP010,M41,33.39868046894847
PF19,OP010,M42,33.16647737184123
PF19,OP010,M43,32.93588865822308
PF19,OP010,M44,32.7069031041522
PF19,OP020,M01,32.53135879639193
PF19,OP020,M02,32.30518572130137
PF19,OP020,M03,32.080585106193695
PF19,OP020,M04,31.85754601859872
PF19,OP020,M05,31.636057602053867
PF19,OP020,M06,31.41610907557572
PF19,OP020,M07,31.19768973313524
PF19,OP020,M08,30.98078894313667
PF19,OP020,M09,30.765396147900038
PF19,OP020,M10,30.55150086314724
PF19,OP020,M11,30.33909267749174
PF19,OP020,M12,30.128161251931775
PF19,OP020,M13,29.91869631934712
PF19,OP020,M14,29.710687683999318
PF19,OP020,M15,29.504125221035416
PF19,OP020,M16,29.298998875995117
PF19,OP020,M17,29.095298664321408
PF19,OP020,M18,28.893014670874518
PF19,OP020,M19,28.692137049449343
PF19,OP020,M20,28.492656022296146
PF19,OP020,M21,28.294561879644625
PF19,OP020,M22,28.097844979231326
PF19,OP020,M23,27.90249574583025
PF19,OP020,M24,27.708504670786823
PF19,OP020,M25,27.515862311555033
PF19,OP020,M26,27.32455929123782
PF19,OP020,M27,27.134586298130664
PF19,OP020,M28,26.94593408526832
PF19,OP020,M29,26.75859346997473
PF19,OP020,M30,26.572555333416062
PF19,OP020,M31,26.38781062015683
PF19,OP020,M32,26.204350337719134
PF19,OP020,M33,26.022165556144948
PF19,OP020,M34,25.84124740756145
PF19,OP020,M35,25.66158708574937
PF19,OP020,M36,25.483175845714364
PF19,OP020,M37,25.306005003261337
PF19,OP020,M38,25.130065934571732
PF19,OP020,M39,24.955350075783784
PF19,OP020,M40,24.78184892257566
PF19,OP020,M41,24.609554029751504
PF19,OP020,M42,24.438457010830383
PF19,OP020,M43,24.26854953763806
PF19,OP020,M44,24.09982333990162
PF19,OP030,M01,0.5809171213641415
PF19,OP030,M02,0.5768783164518102
PF19,OP030,M03,0.5728675911820303
PF19,OP030,M04,0.5688847503321199
PF19,OP030,M05,0.5649296000366762
PF19,OP030,M06,0.5610019477781378
PF19,OP030,M07,0.5571016023774149
PF19,OP030,M08,0.5532283739845834
PF19,OP030,M09,0.5493820740696436
PF19,OP030,M10,0.5455625154133436
PF19,OP030,M11,0.5417695120980668
PF19,OP030,M12,0.5380028794987817
PF19,OP030,M13,0.5342624342740557
PF19,OP030,M14,0.5305479943571307
PF19,OP030,M15,0.526859378947061
PF19,OP030,M16,0.5231964084999128
PF19,OP030,M17,0.5195589047200251
PF19,OP030,M18,0.5159466905513307
PF19,OP030,M19,0.5123595901687383
PF19,OP030,M20,0.508797428969574
PF19,OP030,M21,0.5052600335650826
PF19,OP030,M22,0.501747231771988
PF19,OP030,M23,0.4982588526041116
PF19,OP030,M24,0.4947947262640504
PF19,OP030,M25,0.4913546841349113
PF19,OP030,M26,0.4879385587721039
PF19,OP030,M27,0.48454618389519044
PF19,OP030,M28,0.48117739437979146
PF19,OP030,M29,0.47783202624954874
PF19,OP030,M30,0.47450991666814396
PF19,OP030,M31,0.47121090393137194
PF19,OP030,M32,0.4679348274592703
PF19,OP030,M33,0.46468152778830263
PF19,OP030,M34,0.4614508465635973
PF19,OP030,M35,0.4582426265312388
PF19,OP030,M36,0.4550567115306136
PF19,OP030,M37,0.45189294648680955
PF19,OP030,M38,0.44875117740306664
PF19,OP030,M39,0.44563125135328185
PF19,OP030,M40,0.44253301647456533
PF19,OP030,M41,0.4394563219598483
PF19,OP030,M42,0.43640101805054254
PF19,OP030,M43,0.433366956029251
PF19,OP030,M44,0.4303539882125289
PF19,OP040,M01,79.00472850552325
PF19,OP040,M02,78.4554510374462
PF19,OP040,M03,77.90999240075612
PF19,OP040,M04,77.36832604516832
PF19,OP040,M05,76.83042560498797
PF19,OP040,M06,76.29626489782675
PF19,OP040,M07,75.76581792332844
PF19,OP040,M08,75.23905886190335
PF19,OP040,M09,74.71596207347152
PF19,OP040,M10,74.19650209621473
PF19,OP040,M11,73.68065364533709
PF19,OP040,M12,73.16839161183431
PF19,OP040,M13,72.65969106127157
PF19,OP040,M14,72.15452723256978
PF19,OP040,M15,71.6528755368003
PF19,OP040,M16,71.15471155598814
PF19,OP040,M17,70.66001104192343
PF19,OP040,M18,70.16874991498098
PF19,OP040,M19,69.6809042629484
PF19,OP040,M20,69.19645033986207
PF19,OP040,M21,68.71536456485123
PF19,OP040,M22,68.23762352099035
PF19,OP040,M23,67.76320395415918
PF19,OP040,M24,67.29208277191086
PF19,OP040,M25,66.82423704234793
PF19,OP040,M26,66.35964399300613
PF19,OP040,M27,65.8982810097459
PF19,OP040,M28,65.44012563565164
PF19,OP040,M29,64.98515556993863
PF19,OP040,M30,64.53334866686758
PF19,OP040,M31,64.08468293466659
PF19,OP040,M32,63.63913653446076
PF19,OP040,M33,63.19668777920916
PF19,OP040,M34,62.75731513264924
PF19,OP040,M35,62.32099720824848
PF19,OP040,M36,61.88771276816345
PF19,OP040,M37,61.4574407222061
PF19,OP040,M38,61.03016012681706
PF19,OP040,M39,60.60585018404633
PF19,OP040,M40,60.18449024054088
PF19,OP040,M41,59.766059786539365
PF19,OP040,M42,59.350538454873785
PF19,OP040,M43,58.93790601997814
PF19,OP040,M44,58.52814239690393
PF19,OP050,M01,94.10857366099093
PF19,OP050,M02,93.45428726519326
PF19,OP050,M03,92.80454977148891
PF19,OP050,M04,92.15932955380343
PF19,OP050,M05,91.51859520594154
PF19,OP050,M06,90.88231554005833
PF19,OP050,M07,90.25045958514123
PF19,OP050,M08,89.6229965855025
PF19,OP050,M09,88.99989599928224
PF19,OP050,M10,88.38112749696167
PF19,OP050,M11,87.76666095988682
PF19,OP050,M12,87.15646647880264
PF19,OP050,M13,86.55051435239703
PF19,OP050,M14,85.94877508585517
PF19,OP050,M15,85.35121938942389
PF19,OP050,M16,84.75781817698588
PF19,OP050,M17,84.16854256464407
PF19,OP050,M18,83.58336386931558
PF19,OP050,M19,83.0022536073356
PF19,OP050,M20,82.42518349307099
PF19,OP050,M21,81.85212543754338
PF19,OP050,M22,81.28305154706204
PF19,OP050,M23,80.71793412186608
PF19,OP050,M24,80.15674565477617
PF19,OP050,M25,79.59945882985562
PF19,OP050,M26,79.04604652108084
PF19,OP050,M27,78.49648179102086
PF19,OP050,M28,77.95073788952621
PF19,OP050,M29,77.4087882524269
PF19,OP050,M30,76.87060650023932
PF19,OP050,M31,76.33616643688225
PF19,OP050,M32,75.80544204840179
PF19,OP050,M33,75.27840750170503
PF19,OP050,M34,74.75503714330277
PF19,OP050,M35,74.23530549806068
PF19,OP050,M36,73.71918726795941
PF19,OP050,M37,73.20665733086315
PF19,OP050,M38,72.69769073929679
PF19,OP050,M39,72.19226271923166
PF19,OP050,M40,71.69034866887958
PF19,OP050,M41,71.19192415749542
PF19,OP050,M42,70.6969649241879
PF19,OP050,M43,70.20544687673866
PF19,OP050,M44,69.71734609042969
