scenario_id,status,mean_flow_min,median_flow_min,p95_flow_min,mean_wip,mean_queue,machine_utilization,worker_available_utilization,setup_worker_utilization,mean_setup_wait_min,throughput_jobs_per_day,wip_slope_jobs_per_day,demand_sha256,peak_processing_machines,algorithm,seed,replication,arrival_scale,batch_scale,lambda_jobs_day,world_sha256,code_sha256,arrival_rate_realized
a0.5_b0.5,COMPLETE,1630.8313186747657,1477.2339776757663,2911.7502765222494,8.013546929020501,0.7341447067778307,0.10662819649385016,0.11471625095744575,0.06047980691404378,0.15899513776345148,6.0,,4d944d0052a1e1f7cd951fc10b02f1522a842427c455266d06036cca32cf4615,13,FIFO,20260911,0,0.5,0.5,6.0,df78cdc094fecc3231d7bc26d2429f53de4ddf32d5d5364a5b0e1c492d3f31da,d11fe87f0d19dd047ac6ba0fdc74f1f4bbf379525f59864e2c3e83a2f6139503,3.6666666666666665
a0.5_b0.5,COMPLETE,1628.8595044328345,1515.7639571494556,2894.9715116390566,8.056718929884081,0.770266168835122,0.10665270030138699,0.1150028789158417,0.06023847915646888,0.15413290113457895,6.0,,4d944d0052a1e1f7cd951fc10b02f1522a842427c455266d06036cca32cf4615,13,SPT,20260911,0,0.5,0.5,6.0,df78cdc094fecc3231d7bc26d2429f53de4ddf32d5d5364a5b0e1c492d3f31da,d11fe87f0d19dd047ac6ba0fdc74f1f4bbf379525f59864e2c3e83a2f6139503,3.6666666666666665
a0.5_b0.5,COMPLETE,1681.7660608381009,1268.376404893018,3547.547488364018,8.552545683600405,0.7942317037697749,0.11353273791458697,0.10395045639677741,0.08128849041161763,0.7492316114080935,7.666666666666667,,ddec73ee3e9e8d4bc50fb214a55291d95ada9788139d5f937fd35afc68488ceb,13,FIFO,20260911,1,0.5,0.5,6.0,df78cdc094fecc3231d7bc26d2429f53de4ddf32d5d5364a5b0e1c492d3f31da,d11fe87f0d19dd047ac6ba0fdc74f1f4bbf379525f59864e2c3e83a2f6139503,6.0
a0.5_b0.5,COMPLETE,1679.6643653103747,1301.0239911272747,3413.1908393745034,8.576427473157217,0.7900758758504389,0.1138408777051874,0.10509174489331742,0.08071000601847257,1.9956100646635604,7.666666666666667,,ddec73ee3e9e8d4bc50fb214a55291d95ada9788139d5f937fd35afc68488ceb,12,SPT,20260911,1,0.5,0.5,6.0,df78cdc094fecc3231d7bc26d2429f53de4ddf32d5d5364a5b0e1c492d3f31da,d11fe87f0d19dd047ac6ba0fdc74f1f4bbf379525f59864e2c3e83a2f6139503,6.0
a0.5_b0.75,COMPLETE,2420.7553992402845,2205.8244249858735,4159.977501255248,11.505320097213307,1.1248996599180987,0.15197917618603166,0.16309174014673022,0.04618344258920748,0.9569273166993753,6.0,,146b899c8e59ceda5f07fa9d1f5ca8900e897df992f19d4c6cbfab7181b7a137,15,FIFO,20260911,0,0.5,0.75,6.0,df78cdc094fecc3231d7bc26d2429f53de4ddf32d5d5364a5b0e1c492d3f31da,d11fe87f0d19dd047ac6ba0fdc74f1f4bbf379525f59864e2c3e83a2f6139503,3.6666666666666665
a0.5_b0.75,COMPLETE,2423.1119384327526,2214.6385712428537,4162.687422595889,11.429158406181193,1.087165766699972,0.15141630468570025,0.1617924109192782,0.053337793266004956,0.1535527479003659,6.0,,146b899c8e59ceda5f07fa9d1f5ca8900e897df992f19d4c6cbfab7181b7a137,15,SPT,20260911,0,0.5,0.75,6.0,df78cdc094fecc3231d7bc26d2429f53de4ddf32d5d5364a5b0e1c492d3f31da,d11fe87f0d19dd047ac6ba0fdc74f1f4bbf379525f59864e2c3e83a2f6139503,3.6666666666666665
a0.5_b0.75,COMPLETE,2559.506370513553,1872.7293236041573,5282.217625377189,12.14681565499885,1.118575056921579,0.16144194971086898,0.14799707594879777,0.07956863579631387,2.614836079444348,6.0,,5ce39dbef1349a5eb9e19466eb631b46b4b8c9b157a7969f5dc80a793668c33b,15,FIFO,20260911,1,0.5,0.75,6.0,df78cdc094fecc3231d7bc26d2429f53de4ddf32d5d5364a5b0e1c492d3f31da,d11fe87f0d19dd047ac6ba0fdc74f1f4bbf379525f59864e2c3e83a2f6139503,6.0
a0.5_b0.75,COMPLETE,2579.7462953765785,1902.5322185075065,5436.665875634625,12.171440803568789,1.2111987215716458,0.16040908034628987,0.14752696912878238,0.08253098215299207,1.5361326650214064,6.0,,5ce39dbef1349a5eb9e19466eb631b46b4b8c9b157a7969f5dc80a793668c33b,15,SPT,20260911,1,0.5,0.75,6.0,df78cdc094fecc3231d7bc26d2429f53de4ddf32d5d5364a5b0e1c492d3f31da,d11fe87f0d19dd047ac6ba0fdc74f1f4bbf379525f59864e2c3e83a2f6139503,6.0
a0.5_b1,COMPLETE,3247.4574149334226,2960.32592069202,5542.460927272028,14.651467192276385,1.5203827313376301,0.19217410628685866,0.20012571445252636,0.0557923404884677,0.8096563991091822,5.333333333333333,,2efc04487ab6081dd928094b55d878df91e54532225b0c90a8115d8a56f0eceb,17,FIFO,20260911,0,0.5,1.0,6.0,df78cdc094fecc3231d7bc26d2429f53de4ddf32d5d5364a5b0e1c492d3f31da,d11fe87f0d19dd047ac6ba0fdc74f1f4bbf379525f59864e2c3e83a2f6139503,3.6666666666666665
a0.5_b1,COMPLETE,3232.588023904084,2950.0681539990464,5546.905439304004,14.627374929200103,1.4928599995481382,0.19223648649936578,0.2006979496614588,0.05659473166629327,0.13450426326538867,5.333333333333333,,2efc04487ab6081dd928094b55d878df91e54532225b0c90a8115d8a56f0eceb,17,SPT,20260911,0,0.5,1.0,6.0,df78cdc094fecc3231d7bc26d2429f53de4ddf32d5d5364a5b0e1c492d3f31da,d11fe87f0d19dd047ac6ba0fdc74f1f4bbf379525f59864e2c3e83a2f6139503,3.6666666666666665
a0.5_b1,COMPLETE,3531.8448502037254,2624.157831708928,7335.42970711513,15.445243493950848,1.5647139334917612,0.203031098781341,0.1860147283681836,0.09007746882393529,0.12594495253529203,6.333333333333333,,afafe889d7b5b18aa962e3432bcef00bcdaa67ba01cb971d853145abc1005a97,19,FIFO,20260911,1,0.5,1.0,6.0,df78cdc094fecc3231d7bc26d2429f53de4ddf32d5d5364a5b0e1c492d3f31da,d11fe87f0d19dd047ac6ba0fdc74f1f4bbf379525f59864e2c3e83a2f6139503,6.0
a0.5_b1,COMPLETE,3530.2855304682325,2598.567016565956,7391.19259230318,15.411490717349375,1.5953904650247739,0.20223204860755695,0.18405812446858053,0.10089526247737127,0.13507141410045165,6.333333333333333,,afafe889d7b5b18aa962e3432bcef00bcdaa67ba01cb971d853145abc1005a97,18,SPT,20260911,1,0.5,1.0,6.0,df78cdc094fecc3231d7bc26d2429f53de4ddf32d5d5364a5b0e1c492d3f31da,d11fe87f0d19dd047ac6ba0fdc74f1f4bbf379525f59864e2c3e83a2f6139503,6.0
a0.5_b1.25,COMPLETE,4203.135903677238,3655.4829718602205,7711.888359499535,17.269049659565262,1.8633307459398256,0.2251345145208017,0.23444532959607214,0.08609171500645038,0.166653160453804,5.0,,71a024eee5f7e4f60dfae3203f1b039df398a2394c4df4f8b3c75d3cae3e5518,20,FIFO,20260911,0,0.5,1.25,6.0,df78cdc094fecc3231d7bc26d2429f53de4ddf32d5d5364a5b0e1c492d3f31da,d11fe87f0d19dd047ac6ba0fdc74f1f4bbf379525f59864e2c3e83a2f6139503,3.6666666666666665
a0.5_b1.25,COMPLETE,4204.354022809596,3623.0778488430487,7672.97298684433,17.194627973146897,1.7987687096428167,0.22524090860461804,0.23362208232929219,0.0912300954131214,3.313989372104288,5.0,,71a024eee5f7e4f60dfae3203f1b039df398a2394c4df4f8b3c75d3cae3e5518,20,SPT,20260911,0,0.5,1.25,6.0,df78cdc094fecc3231d7bc26d2429f53de4ddf32d5d5364a5b0e1c492d3f31da,d11fe87f0d19dd047ac6ba0fdc74f1f4bbf379525f59864e2c3e83a2f6139503,3.6666666666666665
a0.5_b1.25,COMPLETE,4575.01492132469,3295.42822609059,10163.887450115013,18.189153256655132,1.9469946696958753,0.23757989816739292,0.21733614565784956,0.11468828126993703,0.1552775526743062,3.6666666666666665,,444f5daaa60a64f47bca873fb7b538a046226aaa5d0259057c79bc7e5f6351bb,22,FIFO,20260911,1,0.5,1.25,6.0,df78cdc094fecc3231d7bc26d2429f53de4ddf32d5d5364a5b0e1c492d3f31da,d11fe87f0d19dd047ac6ba0fdc74f1f4bbf379525f59864e2c3e83a2f6139503,6.0
a0.5_b1.25,COMPLETE,4621.913167909859,3278.808981429893,10313.841259293238,18.174358993251904,2.116036309123155,0.23498932650387253,0.21669622555463305,0.10818956485504291,0.1332712777607535,3.6666666666666665,,444f5daaa60a64f47bca873fb7b538a046226aaa5d0259057c79bc7e5f6351bb,21,SPT,20260911,1,0.5,1.25,6.0,df78cdc094fecc3231d7bc26d2429f53de4ddf32d5d5364a5b0e1c492d3f31da,d11fe87f0d19dd047ac6ba0fdc74f1f4bbf379525f59864e2c3e83a2f6139503,6.0
a0.5_b1.5,COMPLETE,5233.530723153729,4449.395398489961,9180.686352514478,19.3260827103815,2.142245946752497,0.2509364839347112,0.26700783352607577,0.07672007654727073,1.8581150863744174,4.0,,fa67fad296cc0b1892d121c0b80bb62093544594cc13b4a67010a75f888cb4d9,21,FIFO,20260911,0,0.5,1.5,6.0,df78cdc094fecc3231d7bc26d2429f53de4ddf32d5d5364a5b0e1c492d3f31da,d11fe87f0d19dd047ac6ba0fdc74f1f4bbf379525f59864e2c3e83a2f6139503,3.6666666666666665
a0.5_b1.5,COMPLETE,5300.6377758030785,4449.442735370755,9356.140209752943,19.29704839345091,2.2375814428126715,0.249310198255037,0.2644265460258235,0.07659447365082163,0.15996758508912604,4.0,,fa67fad296cc0b1892d121c0b80bb62093544594cc13b4a67010a75f888cb4d9,21,SPT,20260911,0,0.5,1.5,6.0,df78cdc094fecc3231d7bc26d2429f53de4ddf32d5d5364a5b0e1c492d3f31da,d11fe87f0d19dd047ac6ba0fdc74f1f4bbf379525f59864e2c3e83a2f6139503,3.6666666666666665
a0.5_b1.5,COMPLETE,5662.533839925628,3990.5260008833347,11815.769399756478,19.90888256273874,2.433682358298736,0.25494864622794455,0.23547711329141346,0.11784236754029208,1.9956987522866043,2.6666666666666665,,df2d7744ad1682998db2e535d2af2cdec90ee9454466872ab57a30bd81aebb20,25,FIFO,20260911,1,0.5,1.5,6.0,df78cdc094fecc3231d7bc26d2429f53de4ddf32d5d5364a5b0e1c492d3f31da,d11fe87f0d19dd047ac6ba0fdc74f1f4bbf379525f59864e2c3e83a2f6139503,6.0
a0.5_b1.5,COMPLETE,5633.553923741523,3937.07121674917,12135.225255942787,19.702059657385124,2.3498823604670522,0.2537174006989719,0.23337723479871136,0.10986349187295531,0.13000047668990244,2.6666666666666665,,df2d7744ad1682998db2e535d2af2cdec90ee9454466872ab57a30bd81aebb20,24,SPT,20260911,1,0.5,1.5,6.0,df78cdc094fecc3231d7bc26d2429f53de4ddf32d5d5364a5b0e1c492d3f31da,d11fe87f0d19dd047ac6ba0fdc74f1f4bbf379525f59864e2c3e83a2f6139503,6.0
a0.75_b0.5,COMPLETE,1382.4873643787525,1239.8455916362714,2682.1257811073197,10.972257951123714,1.2089541622912976,0.14267492242702934,0.16205937426612452,0.07248317333587297,0.8266432206835687,9.666666666666666,,693707f9400de587f0bab804aee04788b5d86e895be1ea444869b9d2fef5a73f,16,FIFO,20260911,0,0.75,0.5,9.0,df78cdc094fecc3231d7bc26d2429f53de4ddf32d5d5364a5b0e1c492d3f31da,d11fe87f0d19dd047ac6ba0fdc74f1f4bbf379525f59864e2c3e83a2f6139503,6.0
a0.75_b0.5,COMPLETE,1366.0328908690235,1161.0038413284715,2684.7267597768887,10.881837687361767,1.063194575344139,0.14353115447559844,0.16219926333001428,0.08451251860877514,0.6295363757087464,9.333333333333334,,693707f9400de587f0bab804aee04788b5d86e895be1ea444869b9d2fef5a73f,16,SPT,20260911,0,0.75,0.5,9.0,df78cdc094fecc3231d7bc26d2429f53de4ddf32d5d5364a5b0e1c492d3f31da,d11fe87f0d19dd047ac6ba0fdc74f1f4bbf379525f59864e2c3e83a2f6139503,6.0
a0.75_b0.5,COMPLETE,1630.5943037959187,1260.9517756400082,3559.8358729815354,15.3972283231505,1.7534144166623187,0.1993045232180522,0.18942216554798896,0.12820010287199576,0.4516635148136225,11.0,,3718a655eded13837bbf757101cb9150bfe2afdf36f54ea42b43ecdb2c08b933,20,FIFO,20260911,1,0.75,0.5,9.0,df78cdc094fecc3231d7bc26d2429f53de4ddf32d5d5364a5b0e1c492d3f31da,d11fe87f0d19dd047ac6ba0fdc74f1f4bbf379525f59864e2c3e83a2f6139503,9.666666666666666
a0.75_b0.5,COMPLETE,1639.3042205623867,1279.5221423712828,3585.3229931496394,15.338128311720185,1.73759815294476,0.19890074465360444,0.1877894060994338,0.1371319041487129,0.12274287348653018,11.0,,3718a655eded13837bbf757101cb9150bfe2afdf36f54ea42b43ecdb2c08b933,19,SPT,20260911,1,0.75,0.5,9.0,df78cdc094fecc3231d7bc26d2429f53de4ddf32d5d5364a5b0e1c492d3f31da,d11fe87f0d19dd047ac6ba0fdc74f1f4bbf379525f59864e2c3e83a2f6139503,9.666666666666666
a0.75_b0.75,COMPLETE,2086.4405802825736,1782.504557482649,3987.955399977519,16.09845344525749,1.80832095677986,0.20899157687952657,0.24065688169471972,0.07350143686611668,0.4579648900170751,9.666666666666666,,7f8c0ef3d7b322afa194f1c92ffdf21279b1bcd72cabf85ab8f1862b2b57b75e,20,FIFO,20260911,0,0.75,0.75,9.0,df78cdc094fecc3231d7bc26d2429f53de4ddf32d5d5364a5b0e1c492d3f31da,d11fe87f0d19dd047ac6ba0fdc74f1f4bbf379525f59864e2c3e83a2f6139503,6.0
a0.75_b0.75,COMPLETE,2092.238440639061,1849.3531991248883,3973.802170640232,16.126687112449204,1.824973965604931,0.2089120227756479,0.2405833212858446,0.08776075803223204,0.8396967024527271,9.333333333333334,,7f8c0ef3d7b322afa194f1c92ffdf21279b1bcd72cabf85ab8f1862b2b57b75e,19,SPT,20260911,0,0.75,0.75,9.0,df78cdc094fecc3231d7bc26d2429f53de4ddf32d5d5364a5b0e1c492d3f31da,d11fe87f0d19dd047ac6ba0fdc74f1f4bbf379525f59864e2c3e83a2f6139503,6.0
a0.75_b0.75,COMPLETE,2478.6252200763056,1880.036022068186,5427.595529070766,20.85633728407569,2.4107489269173823,0.26931371439572316,0.2602453241008134,0.1301916519422289,1.1898924093230039,10.0,,81c1c997515542a7e8484e8e2574a585ed464a3e621d114c7594463bad72f33a,24,FIFO,20260911,1,0.75,0.75,9.0,df78cdc094fecc3231d7bc26d2429f53de4ddf32d5d5364a5b0e1c492d3f31da,d11fe87f0d19dd047ac6ba0fdc74f1f4bbf379525f59864e2c3e83a2f6139503,9.666666666666666
a0.75_b0.75,COMPLETE,2493.810520714048,1967.6022604039917,5339.364375950813,20.848485033086348,2.5398221260565967,0.2674139358732536,0.2566649513661807,0.12745128017565008,0.35878444491602396,10.0,,81c1c997515542a7e8484e8e2574a585ed464a3e621d114c7594463bad72f33a,24,SPT,20260911,1,0.75,0.75,9.0,df78cdc094fecc3231d7bc26d2429f53de4ddf32d5d5364a5b0e1c492d3f31da,d11fe87f0d19dd047ac6ba0fdc74f1f4bbf379525f59864e2c3e83a2f6139503,9.666666666666666
a0.75_b1,COMPLETE,2906.1630079820593,2555.4852183312155,5631.375749794817,21.111272797260263,2.7230019953398816,0.26824899095828475,0.30731028072257227,0.1392979466069248,2.531462475720654,8.0,,9a5628d01ffcf49a8b9978e4171261abc4031169af4f76bde12fd5cd34216095,22,FIFO,20260911,0,0.75,1.0,9.0,df78cdc094fecc3231d7bc26d2429f53de4ddf32d5d5364a5b0e1c492d3f31da,d11fe87f0d19dd047ac6ba0fdc74f1f4bbf379525f59864e2c3e83a2f6139503,6.0
a0.75_b1,COMPLETE,2908.9965819308018,2468.53363308313,5716.72794395034,20.96096768321337,2.5791611985465805,0.26801691016741336,0.307756031097769,0.1344354007838194,0.6426581778664118,8.0,,9a5628d01ffcf49a8b9978e4171261abc4031169af4f76bde12fd5cd34216095,23,SPT,20260911,0,0.75,1.0,9.0,df78cdc094fecc3231d7bc26d2429f53de4ddf32d5d5364a5b0e1c492d3f31da,d11fe87f0d19dd047ac6ba0fdc74f1f4bbf379525f59864e2c3e83a2f6139503,6.0
a0.75_b1,COMPLETE,3570.1662478679264,2707.8858927876463,8715.81362435372,25.581095080829876,3.3077870997141443,0.324840913959271,0.31427749731198124,0.17364879541933312,2.5023887989805447,9.333333333333334,,3123d43fe194303325e292dcdd84d1b79ee28b890a040056c8c9b21983bf87c7,29,FIFO,20260911,1,0.75,1.0,9.0,df78cdc094fecc3231d7bc26d2429f53de4ddf32d5d5364a5b0e1c492d3f31da,d11fe87f0d19dd047ac6ba0fdc74f1f4bbf379525f59864e2c3e83a2f6139503,9.666666666666666
a0.75_b1,COMPLETE,3526.773016663735,2683.714576401835,8622.435092403397,25.601920248528554,3.5720113438614454,0.32090573952174395,0.31298120812115887,0.14847189293001517,0.1531852611385092,9.333333333333334,,3123d43fe194303325e292dcdd84d1b79ee28b890a040056c8c9b21983bf87c7,29,SPT,20260911,1,0.75,1.0,9.0,df78cdc094fecc3231d7bc26d2429f53de4ddf32d5d5364a5b0e1c492d3f31da,d11fe87f0d19dd047ac6ba0fdc74f1f4bbf379525f59864e2c3e83a2f6139503,9.666666666666666
a0.75_b1.25,COMPLETE,3859.1564889490332,3220.108631392706,8129.3858635096885,25.131211151917274,3.548190469184,0.3137473441289516,0.362889332150829,0.11162816439543861,0.25103111886005536,7.666666666666667,,d0e9b6f8f7fd0729d5b0d9fc26f2445556d9e656c5a944eacb9824f9de5b57d6,26,FIFO,20260911,0,0.75,1.25,9.0,df78cdc094fecc3231d7bc26d2429f53de4ddf32d5d5364a5b0e1c492d3f31da,d11fe87f0d19dd047ac6ba0fdc74f1f4bbf379525f59864e2c3e83a2f6139503,6.0
a0.75_b1.25,COMPLETE,3853.528953934976,3265.661784899428,8218.791384787553,24.993016096633266,3.5285274243016977,0.31238442948088757,0.35766303032062025,0.14094105666532228,0.910269647309633,7.0,,d0e9b6f8f7fd0729d5b0d9fc26f2445556d9e656c5a944eacb9824f9de5b57d6,27,SPT,20260911,0,0.75,1.25,9.0,df78cdc094fecc3231d7bc26d2429f53de4ddf32d5d5364a5b0e1c492d3f31da,d11fe87f0d19dd047ac6ba0fdc74f1f4bbf379525f59864e2c3e83a2f6139503,6.0
a0.75_b1.25,COMPLETE,4510.244948742417,3424.0636925827985,10570.622608373924,29.702807599267974,4.205948501962525,0.37192444077945835,0.3631423489321896,0.16893527228090907,2.5594742461154305,8.333333333333334,,044f6aaf3d3599a01fae83a83c33685519e9eaa018ebef4632cc81b486529a6b,33,FIFO,20260911,1,0.75,1.25,9.0,df78cdc094fecc3231d7bc26d2429f53de4ddf32d5d5364a5b0e1c492d3f31da,d11fe87f0d19dd047ac6ba0fdc74f1f4bbf379525f59864e2c3e83a2f6139503,9.666666666666666
a0.75_b1.25,COMPLETE,4493.166894415762,3475.8802629102393,10537.068484325022,29.414562752920382,4.2327060846187745,0.3671453073632068,0.36130848018484335,0.1645525356229448,0.8826007940216901,8.333333333333334,,044f6aaf3d3599a01fae83a83c33685519e9eaa018ebef4632cc81b486529a6b,32,SPT,20260911,1,0.75,1.25,9.0,df78cdc094fecc3231d7bc26d2429f53de4ddf32d5d5364a5b0e1c492d3f31da,d11fe87f0d19dd047ac6ba0fdc74f1f4bbf379525f59864e2c3e83a2f6139503,9.666666666666666
a0.75_b1.5,COMPLETE,4653.1471769883065,4084.3004878021356,9761.344224606182,28.286853199237676,4.520140490391063,0.34532219116382945,0.39325786915104366,0.14144462332529992,0.2399014135595078,5.0,,f51aa73645b28a0bf606e0c720bc79bb8ffed0afa303ae514ddd665117d1b9b8,30,FIFO,20260911,0,0.75,1.5,9.0,df78cdc094fecc3231d7bc26d2429f53de4ddf32d5d5364a5b0e1c492d3f31da,d11fe87f0d19dd047ac6ba0fdc74f1f4bbf379525f59864e2c3e83a2f6139503,6.0
a0.75_b1.5,COMPLETE,4636.5696279114745,3985.4904861618047,9579.625046697913,28.162524160686498,4.341332816999795,0.3458104784549242,0.39578627884236955,0.13513871566063898,0.9301864439020164,5.0,,f51aa73645b28a0bf606e0c720bc79bb8ffed0afa303ae514ddd665117d1b9b8,30,SPT,20260911,0,0.75,1.5,9.0,df78cdc094fecc3231d7bc26d2429f53de4ddf32d5d5364a5b0e1c492d3f31da,d11fe87f0d19dd047ac6ba0fdc74f1f4bbf379525f59864e2c3e83a2f6139503,6.0
a0.75_b1.5,COMPLETE,5555.947205709845,4167.1713197859135,12154.251159986256,32.83130946100683,4.9287294108568265,0.40608315685482177,0.40564592870166216,0.16379264325640516,0.5843959224989353,6.333333333333333,,e148b3f95317c677c408e1fff5ce0a5a66c5fc843943cbfdcd677042c41e2a24,37,FIFO,20260911,1,0.75,1.5,9.0,df78cdc094fecc3231d7bc26d2429f53de4ddf32d5d5364a5b0e1c492d3f31da,d11fe87f0d19dd047ac6ba0fdc74f1f4bbf379525f59864e2c3e83a2f6139503,9.666666666666666
a0.75_b1.5,COMPLETE,5856.456740710873,4259.593185590778,12582.064085797412,32.82869189613985,5.965208145508538,0.39097926703434477,0.3929934048944365,0.165846978600674,0.8080708890878766,5.666666666666667,,e148b3f95317c677c408e1fff5ce0a5a66c5fc843943cbfdcd677042c41e2a24,34,SPT,20260911,1,0.75,1.5,9.0,df78cdc094fecc3231d7bc26d2429f53de4ddf32d5d5364a5b0e1c492d3f31da,d11fe87f0d19dd047ac6ba0fdc74f1f4bbf379525f59864e2c3e83a2f6139503,9.666666666666666
a1_b0.5,COMPLETE,1832.1563508001423,1606.5324092183027,3369.8953266471176,15.921363208111652,1.7952582055071145,0.20611960169771665,0.21193200135682544,0.1380820717302079,2.0145237946060557,13.333333333333334,,d3e4c87d111a2ff797967dbf82f319a0236d2ade78c81e6f530143173462e869,20,FIFO,20260911,0,1.0,0.5,12.0,df78cdc094fecc3231d7bc26d2429f53de4ddf32d5d5364a5b0e1c492d3f31da,d11fe87f0d19dd047ac6ba0fdc74f1f4bbf379525f59864e2c3e83a2f6139503,12.0
a1_b0.5,COMPLETE,1827.4910609630126,1614.4535027483134,3313.9991800642506,15.938175874772154,1.8208036338223212,0.20606802471968405,0.211404338683757,0.13302930102169336,1.3665769544459012,12.666666666666666,,d3e4c87d111a2ff797967dbf82f319a0236d2ade78c81e6f530143173462e869,19,SPT,20260911,0,1.0,0.5,12.0,df78cdc094fecc3231d7bc26d2429f53de4ddf32d5d5364a5b0e1c492d3f31da,d11fe87f0d19dd047ac6ba0fdc74f1f4bbf379525f59864e2c3e83a2f6139503,12.0
a1_b0.5,COMPLETE,1576.0626401127695,1347.557054444148,2704.1377784942056,20.4856261204556,2.5820811462076496,0.26123660366945095,0.25737055712143553,0.1484860202219607,1.5760594307169211,16.666666666666668,,ab56f667d6640dcc4b981547bafe135fe0c64dbe6dca81473c8490a34e48193f,27,FIFO,20260911,1,1.0,0.5,12.0,df78cdc094fecc3231d7bc26d2429f53de4ddf32d5d5364a5b0e1c492d3f31da,d11fe87f0d19dd047ac6ba0fdc74f1f4bbf379525f59864e2c3e83a2f6139503,12.333333333333334
a1_b0.5,COMPLETE,1587.4130581319018,1329.2764481175445,2741.3877002116005,20.545570178331907,2.638468994260875,0.26126567245140747,0.25625838928870015,0.16282540678262475,2.9663908790842406,16.333333333333332,,ab56f667d6640dcc4b981547bafe135fe0c64dbe6dca81473c8490a34e48193f,27,SPT,20260911,1,1.0,0.5,12.0,df78cdc094fecc3231d7bc26d2429f53de4ddf32d5d5364a5b0e1c492d3f31da,d11fe87f0d19dd047ac6ba0fdc74f1f4bbf379525f59864e2c3e83a2f6139503,12.333333333333334
a1_b0.75,COMPLETE,2798.825658305361,2441.4954884818867,6124.543750029155,22.664044577120382,2.98739854593806,0.2866637678921713,0.30459108569801446,0.15197780113243703,0.9316201071573067,11.666666666666666,,4c0ec7b420c4ee79dffcf5d05db1221dbec7beccb833a07986d5b6a35994997a,25,FIFO,20260911,0,1.0,0.75,12.0,df78cdc094fecc3231d7bc26d2429f53de4ddf32d5d5364a5b0e1c492d3f31da,d11fe87f0d19dd047ac6ba0fdc74f1f4bbf379525f59864e2c3e83a2f6139503,12.0
a1_b0.75,COMPLETE,2790.850268061575,2481.695124557567,6065.032411787461,22.707746148846827,2.9275695007558626,0.28822840125337357,0.30564522502943026,0.14922019094696673,1.675975009951683,11.666666666666666,,4c0ec7b420c4ee79dffcf5d05db1221dbec7beccb833a07986d5b6a35994997a,24,SPT,20260911,0,1.0,0.75,12.0,df78cdc094fecc3231d7bc26d2429f53de4ddf32d5d5364a5b0e1c492d3f31da,d11fe87f0d19dd047ac6ba0fdc74f1f4bbf379525f59864e2c3e83a2f6139503,12.0
a1_b0.75,COMPLETE,2411.8777052478736,2036.7136408210908,4153.412853680142,29.37507247171621,4.119937435004042,0.36755917014827333,0.3657059105351644,0.16867226253684836,0.4498646287773681,14.0,,3f88018a6951f56573098c348908bd401c63221c2a26e4189120c034e704680b,31,FIFO,20260911,1,1.0,0.75,12.0,df78cdc094fecc3231d7bc26d2429f53de4ddf32d5d5364a5b0e1c492d3f31da,d11fe87f0d19dd047ac6ba0fdc74f1f4bbf379525f59864e2c3e83a2f6139503,12.333333333333334
a1_b0.75,COMPLETE,2425.995993059113,2057.7563031900145,4212.311739801095,29.42075952791706,4.606300663106091,0.36086476113546323,0.3604798752859839,0.18539636956273614,0.9291837623577793,14.0,,3f88018a6951f56573098c348908bd401c63221c2a26e4189120c034e704680b,30,SPT,20260911,1,1.0,0.75,12.0,df78cdc094fecc3231d7bc26d2429f53de4ddf32d5d5364a5b0e1c492d3f31da,d11fe87f0d19dd047ac6ba0fdc74f1f4bbf379525f59864e2c3e83a2f6139503,12.333333333333334
a1_b1,COMPLETE,3965.051260063536,3225.704506062688,9457.354489434443,29.072588625969487,4.592919483956196,0.35600761668136954,0.3826787396907224,0.14533743407167823,0.9525695808808862,10.666666666666666,,0b34b280ecd076acce8f6dca9c335d9d39c7091f1d096a90288914e31c1265cd,32,FIFO,20260911,0,1.0,1.0,12.0,df78cdc094fecc3231d7bc26d2429f53de4ddf32d5d5364a5b0e1c492d3f31da,d11fe87f0d19dd047ac6ba0fdc74f1f4bbf379525f59864e2c3e83a2f6139503,12.0
a1_b1,COMPLETE,3955.8040552817356,3295.6890720365577,9404.917939520721,28.972373867583784,4.456282996701093,0.3569901119332393,0.38275146879466554,0.1585598019184393,0.4421910783461252,10.333333333333334,,0b34b280ecd076acce8f6dca9c335d9d39c7091f1d096a90288914e31c1265cd,30,SPT,20260911,0,1.0,1.0,12.0,df78cdc094fecc3231d7bc26d2429f53de4ddf32d5d5364a5b0e1c492d3f31da,d11fe87f0d19dd047ac6ba0fdc74f1f4bbf379525f59864e2c3e83a2f6139503,12.0
a1_b1,COMPLETE,3415.1822296922223,2855.2108733798195,6766.373687985296,36.17179686418701,6.103453676402244,0.4366142244507505,0.4375802295139641,0.21589546227931292,4.037649775347147,11.0,,781ffc42f53d1cf7bb6c7d66b39b5bd1f931c27cd45e0b461aa2d4272d72e19e,37,FIFO,20260911,1,1.0,1.0,12.0,df78cdc094fecc3231d7bc26d2429f53de4ddf32d5d5364a5b0e1c492d3f31da,d11fe87f0d19dd047ac6ba0fdc74f1f4bbf379525f59864e2c3e83a2f6139503,12.333333333333334
a1_b1,COMPLETE,3395.8841414264048,2861.8554943691342,6915.366136595445,35.986631706159045,6.215738992845452,0.4324923659333752,0.43786101016016354,0.19729101721939502,0.18488654781192576,10.666666666666666,,781ffc42f53d1cf7bb6c7d66b39b5bd1f931c27cd45e0b461aa2d4272d72e19e,34,SPT,20260911,1,1.0,1.0,12.0,df78cdc094fecc3231d7bc26d2429f53de4ddf32d5d5364a5b0e1c492d3f31da,d11fe87f0d19dd047ac6ba0fdc74f1f4bbf379525f59864e2c3e83a2f6139503,12.333333333333334
a1_b1.25,COMPLETE,5163.4590450763135,4213.079659863179,11063.752766236372,34.32146888539904,5.896344557225712,0.41267182622361953,0.4518413761471344,0.19229401722906983,1.8704754449673895,9.666666666666666,,baa4ccd3f2c4770625c9a8b22d7684f58ce43ce9e7b9d8d652046a2aabd9adc1,35,FIFO,20260911,0,1.0,1.25,12.0,df78cdc094fecc3231d7bc26d2429f53de4ddf32d5d5364a5b0e1c492d3f31da,d11fe87f0d19dd047ac6ba0fdc74f1f4bbf379525f59864e2c3e83a2f6139503,12.0
a1_b1.25,COMPLETE,5224.189942654955,4427.959593306662,11264.970928330207,34.02651388425626,5.930440394330829,0.4082676142587401,0.44548235869395986,0.19465725236579218,1.0707787215329219,9.666666666666666,,baa4ccd3f2c4770625c9a8b22d7684f58ce43ce9e7b9d8d652046a2aabd9adc1,33,SPT,20260911,0,1.0,1.25,12.0,df78cdc094fecc3231d7bc26d2429f53de4ddf32d5d5364a5b0e1c492d3f31da,d11fe87f0d19dd047ac6ba0fdc74f1f4bbf379525f59864e2c3e83a2f6139503,12.0
a1_b1.25,COMPLETE,4492.562147420614,3663.1724697543723,8491.897664360768,41.08928388283627,7.569583118473785,0.48604025083355806,0.49307263049099287,0.19230778003718338,1.7140113308902183,9.333333333333334,,d241621a40632591192ec01b6f358dd95dfc9fbfb1314b1123029e7f730b6022,42,FIFO,20260911,1,1.0,1.25,12.0,df78cdc094fecc3231d7bc26d2429f53de4ddf32d5d5364a5b0e1c492d3f31da,d11fe87f0d19dd047ac6ba0fdc74f1f4bbf379525f59864e2c3e83a2f6139503,12.333333333333334
a1_b1.25,COMPLETE,4563.517444151171,3821.484344263654,8583.848591343598,40.56929357202683,7.868001227815495,0.47456402507739437,0.4842689889926991,0.20768847379093697,1.589588379444649,9.333333333333334,,d241621a40632591192ec01b6f358dd95dfc9fbfb1314b1123029e7f730b6022,39,SPT,20260911,1,1.0,1.25,12.0,df78cdc094fecc3231d7bc26d2429f53de4ddf32d5d5364a5b0e1c492d3f31da,d11fe87f0d19dd047ac6ba0fdc74f1f4bbf379525f59864e2c3e83a2f6139503,12.333333333333334
a1_b1.5,COMPLETE,6506.69967136702,5795.404416229963,13934.509532029313,39.09065192252332,7.9660466679915976,0.4512260397391591,0.49848295028753326,0.18781509120741147,1.1171365788919445,6.666666666666667,,61f2be23e0156907c7e9cc86e6b7c8629e482fe5ec9b5f36ec74285c46028366,40,FIFO,20260911,0,1.0,1.5,12.0,df78cdc094fecc3231d7bc26d2429f53de4ddf32d5d5364a5b0e1c492d3f31da,d11fe87f0d19dd047ac6ba0fdc74f1f4bbf379525f59864e2c3e83a2f6139503,12.0
a1_b1.5,COMPLETE,6635.172202225864,5500.708505000521,14262.797219180202,38.586987040467505,8.664255816368135,0.4337963529250875,0.4848452685099804,0.19720872780724738,1.4930727353794702,7.333333333333333,,61f2be23e0156907c7e9cc86e6b7c8629e482fe5ec9b5f36ec74285c46028366,37,SPT,20260911,0,1.0,1.5,12.0,df78cdc094fecc3231d7bc26d2429f53de4ddf32d5d5364a5b0e1c492d3f31da,d11fe87f0d19dd047ac6ba0fdc74f1f4bbf379525f59864e2c3e83a2f6139503,12.0
a1_b1.5,COMPLETE,5675.041160426764,4774.769644410566,10343.455643936535,45.53474735315348,9.53070687667855,0.5224766662172087,0.5262544781493017,0.21342860338662406,3.07104624591275,7.0,,7aad7aeda7926dc31c125660c59df699ee00c799d4328278a55e979d371fcf83,44,FIFO,20260911,1,1.0,1.5,12.0,df78cdc094fecc3231d7bc26d2429f53de4ddf32d5d5364a5b0e1c492d3f31da,d11fe87f0d19dd047ac6ba0fdc74f1f4bbf379525f59864e2c3e83a2f6139503,12.333333333333334
a1_b1.5,COMPLETE,5803.309869508356,4682.008589872867,10433.54481943961,44.93305504638384,10.163051885808468,0.5045265663483789,0.5146946402317417,0.20804213064788643,2.843122905536871,7.666666666666667,,7aad7aeda7926dc31c125660c59df699ee00c799d4328278a55e979d371fcf83,45,SPT,20260911,1,1.0,1.5,12.0,df78cdc094fecc3231d7bc26d2429f53de4ddf32d5d5364a5b0e1c492d3f31da,d11fe87f0d19dd047ac6ba0fdc74f1f4bbf379525f59864e2c3e83a2f6139503,12.333333333333334
a1.25_b0.5,COMPLETE,1701.9039546847725,1511.1547217821362,3187.068265950135,23.97441704790862,3.2316494670009814,0.30152873074501774,0.3153283632256474,0.18746190253025635,1.6486778997020248,17.333333333333332,,21b21fe5b3331f25a25c27e690c18a794606ff742d760a5836e1f20458a81973,26,FIFO,20260911,0,1.25,0.5,15.0,df78cdc094fecc3231d7bc26d2429f53de4ddf32d5d5364a5b0e1c492d3f31da,d11fe87f0d19dd047ac6ba0fdc74f1f4bbf379525f59864e2c3e83a2f6139503,17.666666666666668
a1.25_b0.5,COMPLETE,1712.2517698702457,1510.682384857335,3191.478760256704,23.913393000318123,3.381339304946376,0.2990288593053838,0.31094195734077545,0.18375034555017292,0.4416223906489231,16.666666666666668,,21b21fe5b3331f25a25c27e690c18a794606ff742d760a5836e1f20458a81973,26,SPT,20260911,0,1.25,0.5,15.0,df78cdc094fecc3231d7bc26d2429f53de4ddf32d5d5364a5b0e1c492d3f31da,d11fe87f0d19dd047ac6ba0fdc74f1f4bbf379525f59864e2c3e83a2f6139503,17.666666666666668
a1.25_b0.5,COMPLETE,1694.0438355058395,1412.4186284326524,3444.5754153552316,25.638360799238377,3.686353351910895,0.3201883425957104,0.31722866814705375,0.1880565975366921,3.5244940089291177,22.0,,1619b267fa7bbd7f515c0ce9e8f78e167cbcb8461bf866d3aef5fdd7d4b52d5b,32,FIFO,20260911,1,1.25,0.5,15.0,df78cdc094fecc3231d7bc26d2429f53de4ddf32d5d5364a5b0e1c492d3f31da,d11fe87f0d19dd047ac6ba0fdc74f1f4bbf379525f59864e2c3e83a2f6139503,14.0
a1.25_b0.5,COMPLETE,1707.18354404383,1441.1754891404344,3459.878563479198,25.64819405377463,3.7534821012049875,0.31945318501027137,0.3152399288441612,0.19481836216789777,0.9789944487264546,21.333333333333332,,1619b267fa7bbd7f515c0ce9e8f78e167cbcb8461bf866d3aef5fdd7d4b52d5b,32,SPT,20260911,1,1.25,0.5,15.0,df78cdc094fecc3231d7bc26d2429f53de4ddf32d5d5364a5b0e1c492d3f31da,d11fe87f0d19dd047ac6ba0fdc74f1f4bbf379525f59864e2c3e83a2f6139503,14.0
a1.25_b0.75,COMPLETE,2759.5613042970226,2419.3988180467677,5556.830277270432,34.0117326025404,5.891501152280446,0.40830405545676157,0.4361541804298286,0.2371466546603386,2.0263102590451063,15.666666666666666,,a6e903d1dcaa5b51b07e766a701f7a247faca25b018d4148bf59285e1f55bb14,35,FIFO,20260911,0,1.25,0.75,15.0,df78cdc094fecc3231d7bc26d2429f53de4ddf32d5d5364a5b0e1c492d3f31da,d11fe87f0d19dd047ac6ba0fdc74f1f4bbf379525f59864e2c3e83a2f6139503,17.666666666666668
a1.25_b0.75,COMPLETE,2774.3361859264983,2485.1762904687803,5850.897415027236,33.597278420124645,5.70978736045089,0.4050771468010005,0.43185992118690064,0.23523140640244877,1.4998207090050726,15.333333333333334,,a6e903d1dcaa5b51b07e766a701f7a247faca25b018d4148bf59285e1f55bb14,36,SPT,20260911,0,1.25,0.75,15.0,df78cdc094fecc3231d7bc26d2429f53de4ddf32d5d5364a5b0e1c492d3f31da,d11fe87f0d19dd047ac6ba0fdc74f1f4bbf379525f59864e2c3e83a2f6139503,17.666666666666668
a1.25_b0.75,COMPLETE,2745.363026466111,2296.061485853971,5560.360737224787,38.334009640775896,6.7345829646626,0.4588916444380305,0.4603077223043641,0.195442685973798,1.9865894785928049,17.666666666666668,,5bb2ce88ff86a53c071de5c2cbfbc2ef56fdd72730186dfbc339e35d1df3722b,39,FIFO,20260911,1,1.25,0.75,15.0,df78cdc094fecc3231d7bc26d2429f53de4ddf32d5d5364a5b0e1c492d3f31da,d11fe87f0d19dd047ac6ba0fdc74f1f4bbf379525f59864e2c3e83a2f6139503,14.0
a1.25_b0.75,COMPLETE,2795.5526272757807,2244.786697268999,6487.791863125869,37.940924634308814,6.804356743499366,0.4522172557043694,0.45408338662877,0.24421036793143655,1.344175329314952,18.333333333333332,,5bb2ce88ff86a53c071de5c2cbfbc2ef56fdd72730186dfbc339e35d1df3722b,37,SPT,20260911,1,1.25,0.75,15.0,df78cdc094fecc3231d7bc26d2429f53de4ddf32d5d5364a5b0e1c492d3f31da,d11fe87f0d19dd047ac6ba0fdc74f1f4bbf379525f59864e2c3e83a2f6139503,14.0
a1.25_b1,COMPLETE,3893.0504384262535,3389.698087895027,8181.60520880838,42.16787719808047,9.015518433160313,0.4806507647825396,0.5136567608024641,0.22467099970849932,1.1503043454486799,12.666666666666666,,20145a6d3b9cc55507a48eeab8b43ff76a44e510bc9861bb3cd15795268936e4,40,FIFO,20260911,0,1.25,1.0,15.0,df78cdc094fecc3231d7bc26d2429f53de4ddf32d5d5364a5b0e1c492d3f31da,d11fe87f0d19dd047ac6ba0fdc74f1f4bbf379525f59864e2c3e83a2f6139503,17.666666666666668
a1.25_b1,COMPLETE,3959.144781712004,3422.2232825064184,8616.45972177456,41.666768349358,8.859788939414331,0.4761732416126849,0.5069166015761499,0.2502103418624244,1.1532326473881482,12.666666666666666,,20145a6d3b9cc55507a48eeab8b43ff76a44e510bc9861bb3cd15795268936e4,42,SPT,20260911,0,1.25,1.0,15.0,df78cdc094fecc3231d7bc26d2429f53de4ddf32d5d5364a5b0e1c492d3f31da,d11fe87f0d19dd047ac6ba0fdc74f1f4bbf379525f59864e2c3e83a2f6139503,17.666666666666668
a1.25_b1,COMPLETE,3916.589351818107,3369.092362376004,8638.595514907807,47.22763582581573,10.159187391256745,0.5369137311757329,0.5392550607172322,0.25830977952938566,4.212089515781705,12.0,,6eb820174ee63d90830b31eaeea5a682f20c7d1b0f99abfbab9e3f7b5bda02af,45,FIFO,20260911,1,1.25,1.0,15.0,df78cdc094fecc3231d7bc26d2429f53de4ddf32d5d5364a5b0e1c492d3f31da,d11fe87f0d19dd047ac6ba0fdc74f1f4bbf379525f59864e2c3e83a2f6139503,14.0
a1.25_b1,COMPLETE,3966.0494217038745,3362.5658955916115,8441.564887201786,46.57714107941336,11.257141166334726,0.5102143957365898,0.5183906896703252,0.269305480298002,2.4676351291334653,13.0,,6eb820174ee63d90830b31eaeea5a682f20c7d1b0f99abfbab9e3f7b5bda02af,43,SPT,20260911,1,1.25,1.0,15.0,df78cdc094fecc3231d7bc26d2429f53de4ddf32d5d5364a5b0e1c492d3f31da,d11fe87f0d19dd047ac6ba0fdc74f1f4bbf379525f59864e2c3e83a2f6139503,14.0
a1.25_b1.25,COMPLETE,5515.744787224124,4760.015213121945,10791.89323705551,49.072804277634646,13.075318581860966,0.522370187153353,0.546155454323182,0.20813282968740565,2.2312481724106448,10.0,,23edffb4bab54d4187f20f20e79a42139e11ddb13d1e63c5a2a480ab194e72ff,45,FIFO,20260911,0,1.25,1.25,15.0,df78cdc094fecc3231d7bc26d2429f53de4ddf32d5d5364a5b0e1c492d3f31da,d11fe87f0d19dd047ac6ba0fdc74f1f4bbf379525f59864e2c3e83a2f6139503,17.666666666666668
a1.25_b1.25,COMPLETE,5572.40634101542,4739.642841326417,11813.248255828701,47.93445308666926,13.322821198541412,0.5015402024437444,0.534619993432093,0.24599421646375846,2.5754084135759987,10.333333333333334,,23edffb4bab54d4187f20f20e79a42139e11ddb13d1e63c5a2a480ab194e72ff,46,SPT,20260911,0,1.25,1.25,15.0,df78cdc094fecc3231d7bc26d2429f53de4ddf32d5d5364a5b0e1c492d3f31da,d11fe87f0d19dd047ac6ba0fdc74f1f4bbf379525f59864e2c3e83a2f6139503,17.666666666666668
a1.25_b1.25,COMPLETE,5292.802016643273,4652.19992271083,10619.402608190368,54.52667402773609,14.663731979483313,0.5775567283394835,0.5756230455650688,0.24773644468737496,2.898870024693437,9.666666666666666,,544bc3b97b82b162982961919c3281b7863d5060722855e0f1f721b9578c1538,48,FIFO,20260911,1,1.25,1.25,15.0,df78cdc094fecc3231d7bc26d2429f53de4ddf32d5d5364a5b0e1c492d3f31da,d11fe87f0d19dd047ac6ba0fdc74f1f4bbf379525f59864e2c3e83a2f6139503,14.0
a1.25_b1.25,COMPLETE,5297.506425357097,4679.339177252137,11054.377594797303,52.91424123440563,14.192594912940857,0.560004325196912,0.5594271222832338,0.2707664390773418,1.2626452631418617,11.0,,544bc3b97b82b162982961919c3281b7863d5060722855e0f1f721b9578c1538,50,SPT,20260911,1,1.25,1.25,15.0,df78cdc094fecc3231d7bc26d2429f53de4ddf32d5d5364a5b0e1c492d3f31da,d11fe87f0d19dd047ac6ba0fdc74f1f4bbf379525f59864e2c3e83a2f6139503,14.0
a1.25_b1.5,COMPLETE,7199.555738633726,6580.3018576111335,12396.935783930337,54.42733321348264,16.78644841370984,0.545727450813525,0.563673417050905,0.20467644627069387,2.0258476659673614,6.333333333333333,,f085a3eb3dbb1af17d116d1ab39550998d8cf77ac4e33674017dc58a65b2fe28,47,FIFO,20260911,0,1.25,1.5,15.0,df78cdc094fecc3231d7bc26d2429f53de4ddf32d5d5364a5b0e1c492d3f31da,d11fe87f0d19dd047ac6ba0fdc74f1f4bbf379525f59864e2c3e83a2f6139503,17.666666666666668
a1.25_b1.5,COMPLETE,6944.377589176747,6179.122110729843,14008.445691814979,52.504562881142164,16.59372774227936,0.5204824631891924,0.5441627089638031,0.23212530001887804,1.1411127473180553,8.0,,f085a3eb3dbb1af17d116d1ab39550998d8cf77ac4e33674017dc58a65b2fe28,45,SPT,20260911,0,1.25,1.5,15.0,df78cdc094fecc3231d7bc26d2429f53de4ddf32d5d5364a5b0e1c492d3f31da,d11fe87f0d19dd047ac6ba0fdc74f1f4bbf379525f59864e2c3e83a2f6139503,17.666666666666668
a1.25_b1.5,COMPLETE,6878.161386201848,5893.085009787066,12908.47533905471,59.495311127037965,18.612399031830183,0.5926522131457955,0.5796849588871196,0.21367761441775138,2.949081039197438,7.333333333333333,,a9e6c526dde717b58a1c4ee53ae1a0cfb6b9974104de008b17a794e49d8e4cde,56,FIFO,20260911,1,1.25,1.5,15.0,df78cdc094fecc3231d7bc26d2429f53de4ddf32d5d5364a5b0e1c492d3f31da,d11fe87f0d19dd047ac6ba0fdc74f1f4bbf379525f59864e2c3e83a2f6139503,14.0
a1.25_b1.5,COMPLETE,6953.352107127337,5817.611599856897,13468.470589402608,57.454950282237824,18.773251988383667,0.559605132503933,0.5635707610688108,0.2672715393450643,4.939813144480435,7.666666666666667,,a9e6c526dde717b58a1c4ee53ae1a0cfb6b9974104de008b17a794e49d8e4cde,51,SPT,20260911,1,1.25,1.5,15.0,df78cdc094fecc3231d7bc26d2429f53de4ddf32d5d5364a5b0e1c492d3f31da,d11fe87f0d19dd047ac6ba0fdc74f1f4bbf379525f59864e2c3e83a2f6139503,14.0
a1.5_b0.5,COMPLETE,1790.5501871424099,1596.0957456979977,3750.559853946631,29.622572976860667,4.821564120822429,0.36060140713572264,0.3706615606436896,0.21347458737041278,3.4888127077521593,23.0,,1133553b1ceaba59e5eef740200a0563b9ae6c0121a56660034d0fa44a494429,33,FIFO,20260911,0,1.5,0.5,18.0,df78cdc094fecc3231d7bc26d2429f53de4ddf32d5d5364a5b0e1c492d3f31da,d11fe87f0d19dd047ac6ba0fdc74f1f4bbf379525f59864e2c3e83a2f6139503,19.666666666666668
a1.5_b0.5,COMPLETE,1796.9462056151779,1611.8140689864467,3610.280375584584,29.53993669516908,4.8259196143789636,0.3596237041805084,0.3705200214765983,0.23166659700223988,1.9566805823374818,23.666666666666668,,1133553b1ceaba59e5eef740200a0563b9ae6c0121a56660034d0fa44a494429,33,SPT,20260911,0,1.5,0.5,18.0,df78cdc094fecc3231d7bc26d2429f53de4ddf32d5d5364a5b0e1c492d3f31da,d11fe87f0d19dd047ac6ba0fdc74f1f4bbf379525f59864e2c3e83a2f6139503,19.666666666666668
a1.5_b0.5,COMPLETE,1892.8899797449662,1725.1554200422447,3697.5363488702556,31.626709125810926,5.721329864773643,0.3769067032907913,0.3714546080618999,0.19674950303684968,2.0623770130323344,24.333333333333332,,8d8bac43db72ee1e4dda31c8df88e925588dc3aeba989ca4057b8f91af869039,37,FIFO,20260911,1,1.5,0.5,18.0,df78cdc094fecc3231d7bc26d2429f53de4ddf32d5d5364a5b0e1c492d3f31da,d11fe87f0d19dd047ac6ba0fdc74f1f4bbf379525f59864e2c3e83a2f6139503,18.0
a1.5_b0.5,COMPLETE,1884.9636851653595,1726.5149106916324,3671.5444850943427,31.64416201677772,5.512523577041062,0.3801654906321261,0.37095226455527686,0.23454956560823093,1.9923688767177332,24.0,,8d8bac43db72ee1e4dda31c8df88e925588dc3aeba989ca4057b8f91af869039,37,SPT,20260911,1,1.5,0.5,18.0,df78cdc094fecc3231d7bc26d2429f53de4ddf32d5d5364a5b0e1c492d3f31da,d11fe87f0d19dd047ac6ba0fdc74f1f4bbf379525f59864e2c3e83a2f6139503,18.0
a1.5_b0.75,COMPLETE,2950.3203115332517,2535.1727634096806,6527.23264379618,43.27810294848365,8.68629833096437,0.5008125411721602,0.5292060518359714,0.2743233879865641,3.3292059274837187,19.666666666666668,,ca0c10772eba43550a9f80387f6008ceafb519f193da23fa6c0851d894a50a04,41,FIFO,20260911,0,1.5,0.75,18.0,df78cdc094fecc3231d7bc26d2429f53de4ddf32d5d5364a5b0e1c492d3f31da,d11fe87f0d19dd047ac6ba0fdc74f1f4bbf379525f59864e2c3e83a2f6139503,19.666666666666668
a1.5_b0.75,COMPLETE,2985.8622807525617,2505.3992175415788,6588.15229393793,43.089405095675644,9.16148435481668,0.491298785479605,0.5204749421182562,0.28120298249295594,3.4138970642799427,19.333333333333332,,ca0c10772eba43550a9f80387f6008ceafb519f193da23fa6c0851d894a50a04,41,SPT,20260911,0,1.5,0.75,18.0,df78cdc094fecc3231d7bc26d2429f53de4ddf32d5d5364a5b0e1c492d3f31da,d11fe87f0d19dd047ac6ba0fdc74f1f4bbf379525f59864e2c3e83a2f6139503,19.666666666666668
a1.5_b0.75,COMPLETE,3068.188088513264,2728.953042612467,6819.637366270482,47.60354408927659,10.709365234735506,0.5348704806914842,0.5263350209463167,0.23862810825369976,4.356416581307456,20.666666666666668,,44582e05ffb95048a98c3d40f8da608edbb9a1d1e946fb16530654103f295047,45,FIFO,20260911,1,1.5,0.75,18.0,df78cdc094fecc3231d7bc26d2429f53de4ddf32d5d5364a5b0e1c492d3f31da,d11fe87f0d19dd047ac6ba0fdc74f1f4bbf379525f59864e2c3e83a2f6139503,18.0
a1.5_b0.75,COMPLETE,3089.609279271558,2691.623839921356,7392.252361807899,46.391953631297454,10.351769625814885,0.5218441431388959,0.5140843226968602,0.29982902708757114,2.2123871091525293,19.666666666666668,,44582e05ffb95048a98c3d40f8da608edbb9a1d1e946fb16530654103f295047,42,SPT,20260911,1,1.5,0.75,18.0,df78cdc094fecc3231d7bc26d2429f53de4ddf32d5d5364a5b0e1c492d3f31da,d11fe87f0d19dd047ac6ba0fdc74f1f4bbf379525f59864e2c3e83a2f6139503,18.0
a1.5_b1,COMPLETE,4481.559997340841,3851.322172323149,8562.686267347774,55.243904469278924,16.67305688842105,0.5587174225579357,0.5762366764672083,0.25802471932938026,1.8533353024589652,13.333333333333334,,40a396be653472c0cddce7881379968ba04d5699223b7b94c212d0e1561df048,47,FIFO,20260911,0,1.5,1.0,18.0,df78cdc094fecc3231d7bc26d2429f53de4ddf32d5d5364a5b0e1c492d3f31da,d11fe87f0d19dd047ac6ba0fdc74f1f4bbf379525f59864e2c3e83a2f6139503,19.666666666666668
a1.5_b1,COMPLETE,4437.864296226011,3738.376487359731,9219.379863563592,53.01431677434428,16.279917409471416,0.5318851539884479,0.5570854993747392,0.2875359346421855,1.3383385524923088,15.333333333333334,,40a396be653472c0cddce7881379968ba04d5699223b7b94c212d0e1561df048,45,SPT,20260911,0,1.5,1.0,18.0,df78cdc094fecc3231d7bc26d2429f53de4ddf32d5d5364a5b0e1c492d3f31da,d11fe87f0d19dd047ac6ba0fdc74f1f4bbf379525f59864e2c3e83a2f6139503,19.666666666666668
a1.5_b1,COMPLETE,4442.14704376602,3969.9299786525257,9310.41011488186,59.53610069112167,16.846810773318644,0.6177370271952682,0.6068635697538471,0.23455122651743898,21.881955720441177,14.666666666666666,,e8c3235dd70bfbb7a790add97a25374d256653b34fafb684a4d18a62ade7765b,54,FIFO,20260911,1,1.5,1.0,18.0,df78cdc094fecc3231d7bc26d2429f53de4ddf32d5d5364a5b0e1c492d3f31da,d11fe87f0d19dd047ac6ba0fdc74f1f4bbf379525f59864e2c3e83a2f6139503,18.0
a1.5_b1,COMPLETE,4520.89372344876,3892.1081317397234,10089.945770877977,56.20502985980474,17.1172657128489,0.5651978447127993,0.5701464759756163,0.2728920229496289,2.4101280223425774,14.666666666666666,,e8c3235dd70bfbb7a790add97a25374d256653b34fafb684a4d18a62ade7765b,50,SPT,20260911,1,1.5,1.0,18.0,df78cdc094fecc3231d7bc26d2429f53de4ddf32d5d5364a5b0e1c492d3f31da,d11fe87f0d19dd047ac6ba0fdc74f1f4bbf379525f59864e2c3e83a2f6139503,18.0
a1.5_b1.25,COMPLETE,6290.323198528521,5448.92877939607,11042.18644717922,63.55046689909098,23.003431184712195,0.5872867569223317,0.5903764372729043,0.21747784069215073,3.8826139457225906,9.666666666666666,,2c8379c16805f9ddcdc5d39d9a98e935ad2a5583e262e5e20dd1d4aa55a307c4,51,FIFO,20260911,0,1.5,1.25,18.0,df78cdc094fecc3231d7bc26d2429f53de4ddf32d5d5364a5b0e1c492d3f31da,d11fe87f0d19dd047ac6ba0fdc74f1f4bbf379525f59864e2c3e83a2f6139503,19.666666666666668
a1.5_b1.25,COMPLETE,6036.522557448868,5487.912651506968,12319.36925462469,60.882529738613286,21.049851484008382,0.5767952005222713,0.5813796896853078,0.32608974368182947,2.4692910938178874,12.0,,2c8379c16805f9ddcdc5d39d9a98e935ad2a5583e262e5e20dd1d4aa55a307c4,51,SPT,20260911,0,1.5,1.25,18.0,df78cdc094fecc3231d7bc26d2429f53de4ddf32d5d5364a5b0e1c492d3f31da,d11fe87f0d19dd047ac6ba0fdc74f1f4bbf379525f59864e2c3e83a2f6139503,19.666666666666668
a1.5_b1.25,COMPLETE,6230.695602419614,5499.662216265722,11934.57747666421,67.07678948061995,22.294309745339504,0.6490885446759532,0.6223915736976381,0.2520673569361802,4.6075501170743065,10.0,,dd7e985b1cb9c5f0e24f50b51b5e63e23a8bbf584465be76d7a92d603dc65958,59,FIFO,20260911,1,1.5,1.25,18.0,df78cdc094fecc3231d7bc26d2429f53de4ddf32d5d5364a5b0e1c492d3f31da,d11fe87f0d19dd047ac6ba0fdc74f1f4bbf379525f59864e2c3e83a2f6139503,18.0
a1.5_b1.25,COMPLETE,6091.5299133845,5128.438458682931,12992.349624312888,63.43648475074407,21.906135697561385,0.6004313897240162,0.5943808192982641,0.29838001777642814,1.8005535039450737,13.0,,dd7e985b1cb9c5f0e24f50b51b5e63e23a8bbf584465be76d7a92d603dc65958,53,SPT,20260911,1,1.5,1.25,18.0,df78cdc094fecc3231d7bc26d2429f53de4ddf32d5d5364a5b0e1c492d3f31da,d11fe87f0d19dd047ac6ba0fdc74f1f4bbf379525f59864e2c3e83a2f6139503,18.0
a1.5_b1.5,COMPLETE,8146.07001557758,7951.840772836903,13579.198566254601,68.51470265932137,25.951531861593445,0.6171356776247466,0.6060912739464158,0.191659307184582,1.9992047505099528,7.333333333333333,,5434626236d85a5fd807f85a803c8d1aa25943aeb35d48ad5617858fd5395f1b,53,FIFO,20260911,0,1.5,1.5,18.0,df78cdc094fecc3231d7bc26d2429f53de4ddf32d5d5364a5b0e1c492d3f31da,d11fe87f0d19dd047ac6ba0fdc74f1f4bbf379525f59864e2c3e83a2f6139503,19.666666666666668
a1.5_b1.5,COMPLETE,7539.036120099758,6755.766464856166,14837.982530970035,66.295265029416,24.7158184380817,0.6004072124833036,0.6046200451255812,0.2377377765299301,1.9318513434868316,9.333333333333334,,5434626236d85a5fd807f85a803c8d1aa25943aeb35d48ad5617858fd5395f1b,52,SPT,20260911,0,1.5,1.5,18.0,df78cdc094fecc3231d7bc26d2429f53de4ddf32d5d5364a5b0e1c492d3f31da,d11fe87f0d19dd047ac6ba0fdc74f1f4bbf379525f59864e2c3e83a2f6139503,19.666666666666668
a1.5_b1.5,COMPLETE,7907.545805947325,7205.093766094591,14286.260041808368,72.51936759422802,26.756806994695122,0.6635715451674604,0.6261884196572969,0.20784079725773336,1.6070733373076307,7.0,,7c22de841ac07860f8ca361c1d5336d0a7700f925522b7b50b3f07e225272abc,59,FIFO,20260911,1,1.5,1.5,18.0,df78cdc094fecc3231d7bc26d2429f53de4ddf32d5d5364a5b0e1c492d3f31da,d11fe87f0d19dd047ac6ba0fdc74f1f4bbf379525f59864e2c3e83a2f6139503,18.0
a1.5_b1.5,COMPLETE,7733.284033797211,7068.352428284207,15440.148398592997,69.26272230986972,26.795297962203747,0.610376161286496,0.6041134642603682,0.23316284978525031,3.3942825993537666,8.666666666666666,,7c22de841ac07860f8ca361c1d5336d0a7700f925522b7b50b3f07e225272abc,56,SPT,20260911,1,1.5,1.5,18.0,df78cdc094fecc3231d7bc26d2429f53de4ddf32d5d5364a5b0e1c492d3f31da,d11fe87f0d19dd047ac6ba0fdc74f1f4bbf379525f59864e2c3e83a2f6139503,18.0
